Equipment Name,Facility Name,Facility code,Part of Equipment,Equipment code,Description,Group,Equipment Class,Engineering Group,Sub Group,Criticality,Equipment Load,Owner,Equipment Status,Parent Equipment,Machine Status,eqpmAttribute1,Last WO Date,SM Description,Next Schedule Date,Equipment Image,Approved By,Approved Time
10 '' TYRE FITMENT FIXTURE,Tyrebuilding,ETL-GPD-SRT-TBL,,10FITFIX01,"10"" TYRE FITMENT FIXTURE",Fixtures,Non AMC,Mechanical,,MEDIUM,,Manikandan,Production,No,ON,,,,,No,,
100 TON CURING PRESS  - 19,PobcuringLine-1,ETL-GPD-SRT-PCUR-1,,100MOTPRE19,06--19,Curing press,Non AMC,Hyd-Elec,Hydraulic press,HIGH,,Sundaram,Deleted,No,ON,,15-Feb-2024,,,No,,
100 TON CURING PRESS - 15,PobcuringLine-2,ETL-GPD-SRT-PCUR-2,,100MOTPRE15,06--19,Curing press,Non AMC,Mech-Elec,Hydraulic press,HIGH,,Manikandan,Production,Yes,ON,,18-Jun-2026,"BI Monthly,06--19",20-Aug-2026,No,,
100 TON CURING PRESS -10,PobcuringLine-2,ETL-GPD-SRT-PCUR-2,,100MOTPRE10,06--13,Curing press,Non AMC,Hyd-Elec,Hydraulic press,MEDIUM,,Manikandan,Production,Yes,ON,,03-Jun-2026,,05-Aug-2026,No,,
100 TON CURING PRESS -11,PobcuringLine-2,ETL-GPD-SRT-PCUR-2,,100MOTPRE11,06--14,Curing press,Non AMC,Hyd-Elec,Hydraulic press,MEDIUM,,Manikandan,Production,Yes,ON,,04-Jun-2026,"BI Monthly,06--14",06-Aug-2026,No,,
100 TON CURING PRESS -12,PobcuringLine-2,ETL-GPD-SRT-PCUR-2,,100MOTPRE12,06--15,Curing press,Non AMC,Hyd-Elec,Hydraulic press,MEDIUM,,Manikandan,Production,Yes,ON,,05-Jun-2026,,07-Aug-2026,No,,
100 TON CURING PRESS -13,PobcuringLine-2,ETL-GPD-SRT-PCUR-2,,100MOTPRE13,06--17,Curing press,Non AMC,Hyd-Elec,Hydraulic press,MEDIUM,,Manikandan,Production,Yes,OFF,,16-Jun-2026,,18-Aug-2026,No,,
100 TON CURING PRESS -14,PobcuringLine-2,ETL-GPD-SRT-PCUR-2,,100MOTPRE14,06--18,Curing press,Non AMC,Hyd-Elec,Hydraulic press,MEDIUM,,Manikandan,Production,Yes,OFF,,17-Jun-2026,,19-Aug-2026,No,,
100 TON CURING PRESS -2,PobcuringLine-1,ETL-GPD-SRT-PCUR-1,,100MOTPRE02,06--02,Curing press,Non AMC,Hyd-Elec,Hydraulic press,MEDIUM,,Manikandan,Production,Yes,ON,,01-Aug-2026,,,No,,
100 TON CURING PRESS -3,PobcuringLine-1,ETL-GPD-SRT-PCUR-1,,100MOTPRE03,06--03,Curing press,Non AMC,Hyd-Elec,Hydraulic press,MEDIUM,,Manikandan,Production,Yes,ON,,08-Jun-2026,"BI Monthly,06--03",10-Aug-2026,No,,
100 TON CURING PRESS -5,PobcuringLine-1,ETL-GPD-SRT-PCUR-1,,100MOTPRE05,06--05,Curing press,Non AMC,Hyd-Elec,Hydraulic press,MEDIUM,,Manikandan,Production,Yes,ON,,10-Jun-2026,"BI Monthly,06--05",12-Aug-2026,No,,
100 TON CURING PRESS -6,PobcuringLine-2,ETL-GPD-SRT-PCUR-2,,100MOTPRE06,06--09,Curing press,Non AMC,Hyd-Elec,Hydraulic press,MEDIUM,,Manikandan,Production,Yes,ON,,,"BI Monthly,06--09",14-Aug-2026,No,,
100 TON CURING PRESS -7,PobcuringLine-2,ETL-GPD-SRT-PCUR-2,,100MOTPRE07,06--10,Curing press,Non AMC,Mech-Elec,Hydraulic press,MEDIUM,,Manikandan,Production,Yes,ON,,,,08-Aug-2026,No,,
100 TON CURING PRESS -8,PobcuringLine-2,ETL-GPD-SRT-PCUR-2,,100MOTPRE08,06--11,Curing press,Non AMC,Hyd-Elec,Hydraulic press,MEDIUM,,Manikandan,Production,Yes,ON,,,,,No,,
100 TON CURING PRESS -9,PobcuringLine-2,ETL-GPD-SRT-PCUR-2,,100MOTPRE09,06--12,Curing press,Non AMC,Hyd-Elec,Hydraulic press,MEDIUM,,Manikandan,Production,Yes,ON,,04-Aug-2026,,,No,,
100 TON CURING PRESS- 1,PobcuringLine-1,ETL-GPD-SRT-PCUR-1,,100MOTPRE01,06--01,Curing press,Non AMC,Hyd-Elec,Hydraulic press,MEDIUM,,Manikandan,Production,Yes,OFF,,15-Jun-2026,,17-Aug-2026,No,,
100 TON CURING PRESS- 17,PobcuringLine-2,ETL-GPD-SRT-PCUR-2,,100MOTPRE17,06--17,Curing press,Non AMC,Hydraulic,Hydraulic press,MEDIUM,,Manikandan,Deleted,No,ON,,16-Jun-2026,BI Monthly (06--17),18-Aug-2026,No,,
100 TON CURING PRESS- 18,PobcuringLine-2,ETL-GPD-SRT-PCUR-2,,100MOTPRE18,06--18,Curing press,Non AMC,Mechanical,Hydraulic press,MEDIUM,,Sundaram,Deleted,No,ON,,17-Jun-2026,,19-Aug-2026,No,,
100 TON CURING PRESS-4,PobcuringLine-1,ETL-GPD-SRT-PCUR-1,,100MOTPRE04,06--04,Curing press,Non AMC,Hyd-Elec,Hydraulic press,MEDIUM,,Manikandan,Production,Yes,ON,,09-Jun-2026,"BI Monthly,06--04",11-Aug-2026,No,,
100 TON FLAP PRESS-1,Flappresses,ETL-GPD-SRT-FPRE,,100FLPRE01,30--01,Curing press,Non AMC,Hyd-Elec,,MEDIUM,,Manikandan,Production,Yes,ON,,24-Jun-2026,"BI Monthly,30--01",26-Aug-2026,No,,
100 TON FLAP PRESS-2,Flappresses,ETL-GPD-SRT-FPRE,,100FLPRE02,30--02,Curing press,Non AMC,Hyd-Elec,,MEDIUM,,Manikandan,Production,Yes,ON,,25-Jun-2026,,27-Aug-2026,No,,
100 TON FLAP PRESS-3,Flappresses,ETL-GPD-SRT-FPRE,,100FLPRE03,30--03,Curing press,Non AMC,Hyd-Elec,,MEDIUM,,Manikandan,Production,Yes,ON,,26-Jun-2026,"BI Monthly,30--03",28-Aug-2026,No,,
100 TON FLAP PRESS-4,Flappresses,ETL-GPD-SRT-FPRE,,100FLPRE04,30--04,Curing press,Non AMC,Hyd-Elec,,MEDIUM,,Manikandan,Production,Yes,ON,,27-Jun-2026,"BI Monthly,30--04",22-Aug-2026,No,,
150 TON CURING PRESS,PobcuringLine-1,ETL-GPD-SRT-PCUR-1,,150MOTPRE01,06--06,Curing press,Non AMC,Hyd-Elec,Hydraulic press,MEDIUM,,Manikandan,Production,Yes,ON,,,"BI Monthly,06--06",13-Aug-2026,No,,
150 TON HYDRAULIC PRESS,Steelbandline,ETL-GPD-RIM-SB,,150PRE01,150 TON HYDRAULIC PRESS,Hydraulic press,Non AMC,Mech-Elec,,HIGH,,Admin,Production,Yes,ON,,09-Sep-2021,,,No,,
150 TON MECHANICAL PRESS,Splitrimline,ETL-GPD-RIM-SR,,150TMECPRE01,150 TON MECHANICAL PRESS,Mechanical Press,Non AMC,Mech-Elec,,HIGH,,Admin,Production,Yes,ON,,04-Aug-2026,Monthly,01-Sep-2026,No,,
150 TON MOTHER PRESS- O/S-1,Outstationpress,ETL-GPD-SRT-OSPRE,,150MOTPRE02,O/S-1,Out station press,Non AMC,Hyd-Elec,Hydraulic press,HIGH,,Manikandan,Production,Yes,ON,,13-Jul-2026,,10-Aug-2026,No,,
150 TON MOTHER PRESS-O/S-2,Outstationpress,ETL-GPD-SRT-OSPRE,,150MOTPRE03,O/S-2,Out station press,Non AMC,Hyd-Elec,Hydraulic press,HIGH,,Manikandan,Production,Yes,ON,,02-Sep-2022,,,No,,
1500 TON MOTHER PRESS - O/S-3,Outstationpress,ETL-GPD-SRT-OSPRE,,1500MOTPRE01,O/S--3,Out station press,Non AMC,Hyd-Elec,Hydraulic press,HIGH,,Manikandan,Production,Yes,ON,,10-Jul-2026,,14-Aug-2026,No,,
16 TON MECHANICAL PRESS - 1,Splitrimline,ETL-GPD-RIM-SR,,16TMECPRE01,16 TON MECHANICAL PRESS - 1,Mechanical Press,Non AMC,Mech-Elec,,HIGH,,Admin,Production,Yes,ON,,01-Jul-2026,,05-Aug-2026,No,,
16 TON MECHANICAL PRESS - 2,Splitrimline,ETL-GPD-RIM-SR,,16TMECPRE02,16 TON MECHANICAL PRESS - 2,Mechanical Press,Non AMC,Mech-Elec,,HIGH,,Admin,Production,Yes,ON,,02-Jul-2026,Monthly,06-Aug-2026,No,,
160 TON MECHANICAL PRESS,Splitrimline,ETL-GPD-RIM-SR,,160TMECPRE01,160 TON MECHANICAL PRESS,Mechanical Press,Non AMC,Mech-Elec,,HIGH,,Admin,Production,Yes,ON,,03-Jul-2026,,07-Aug-2026,No,,
"20"" TYRE FITMENT FIXTURE",Tyrebuilding,ETL-GPD-SRT-TBL,,20FITFIX01,"20"" TYRE FITMENT FIXTURE",Fixtures,Non AMC,Mechanical,,MEDIUM,,Manikandan,Production,No,ON,,,,,No,,
200 TON HYDRAULIC PRESS,Splitrimline,ETL-GPD-RIM-SR,,200PRE01,200 TON HYDRAULIC PRESS,Hydraulic press,Non AMC,Mech-Elec,,HIGH,,Admin,Production,Yes,OFF,,01-Aug-2026,,,No,,
"24"" TYRE FITMENT FIXTURE",Tyrebuilding,ETL-GPD-SRT-TBL,,24FITFIX01,"24"" TYRE FITMENT FIXTURE",Fixtures,Non AMC,Mechanical,,MEDIUM,,Manikandan,Production,No,ON,,,,,No,,
250 TON CURING PRESS - 2,Outstationpress,ETL-GPD-SRT-OSPRE,,250MOTPRE02,O/S-6,Out station press,Non AMC,Mech-Elec,Hydraulic press,HIGH,,Sundaram,Production,No,ON,,14-Jul-2026,,11-Aug-2026,No,,
250 ton mechanical press,Splitrimline,ETL-GPD-RIM-SR,,250TMECPRE01,250 ton mechanical press,Mechanical Press,Others,Mechanical,,HIGH,,Manikandan,Production,Yes,ON,,02-Aug-2026,,,No,,
250 TON MOTHER PRESS-O/S-3,Outstationpress,ETL-GPD-SRT-OSPRE,,250MOTPRE01,RIM,Out station press,Non AMC,Hyd-Elec,Hydraulic press,HIGH,,Manikandan,Production,Yes,ON,,10-Jul-2026,,14-Aug-2026,No,,
250TMECPRE02,Splitrimline,ETL-GPD-RIM-SR,,250TMECPRE02,250 TON MECHANICAL PRESS,Mechanical Press,Non AMC,Mech-Elec,,HIGH,,Manikandan,Production,Yes,ON,,,,,No,,
27' CURING PRESS -1 (20-01),Curingline-1,ETL-GPD-IPT-CUR,,27PRE01,27'' CURING PRESS -1 (20-01),Curing press,Others,Mech-Elec,,HIGH,,Nimeesh NP,Production,Yes,OFF,,03-Aug-2026,,,No,,
30 TON HYDRAULIC PRESS,Splitrimline,ETL-GPD-RIM-SR,,30PRE02,30 TON HYDRAULIC PRESS,Hydraulic press,Non AMC,Mech-Elec,,HIGH,,Admin,Production,Yes,ON,,11-Jun-2023,,,No,,
30 TON HYDRAULIC PRESS,Splitrimline,ETL-GPD-RIM-SR,,30PRE03,30 TON HYDRAULIC PRESS,Hydraulic press,Non AMC,Mech-Elec,,HIGH,,Admin,Production,No,ON,,,,,No,,
"30""  CURING PRESS (20-02)",Curingline-1,ETL-GPD-IPT-CUR,,30PRE04,"30"" CURING PRESS - 1 (20-02)",Curing press,Non AMC,Mech-Elec,,HIGH,,Sundaram,Production,No,OFF,,,,,No,,
"30"" CURING PRESS - 1 (20-02)",Curingline-1,ETL-GPD-IPT-CUR,,30PRE01P,"30"" CURING PRESS - 1 (20-02)",Curing press,Others,Mech-Elec,,HIGH,,Nimeesh NP,Production,Yes,ON,,04-Aug-2026,,,No,,
"30"" CURING PRESS - TUBE  HYDRAULIC WITH 3 CAVITIES",CuringPress,ETL-GPD-TUB-CUR,,30PRE01,"30"" CURING PRESS - TUBE  HYDRAULIC WITH 3 CAVITIES",Curing press,Non AMC,Hyd-Elec,,HIGH,,Admin,Production,Yes,ON,,15-Jul-2026,,21-Aug-2026,No,,
30' CURING PRESS - 2 (20-32),Curingline-1,ETL-GPD-IPT-CUR,,27PRE02,30'' CURING PRESS -2,Curing press,Non AMC,Hyd-Elec,,HIGH,,Nimeesh NP,Production,Yes,ON,,05-Mar-2024,,,No,,
30'' CURING PRESS -2 (20-32),Curingline-1,ETL-GPD-IPT-CUR,,30PRE02P,30'' CURING PRESS -2 (20-32),Curing press,Others,Mech-Elec,,HIGH,,Nimeesh NP,Production,Yes,ON,,08-Jun-2026,,10-Aug-2026,No,,
300 TON CURING PRESS - 17,CuringLine-1,ETL-GPD-SRT-CUR-1,,300PRE17,300 TON CURING PRESS - 16(04--22),Curing press,Non AMC,Mech-Elec,Hydraulic press,HIGH,,Sundaram,Deleted,No,ON,,06-Jul-2026,,,No,,
300 TON CURING PRESS - 18,CuringLine-1,ETL-GPD-SRT-CUR-1,,300PRE18,04--26,Curing press,Non AMC,Mechanical,Hydraulic press,MEDIUM,,Manikandan,Production,Yes,ON,,,,,No,,
300 TON CURING PRESS - 19,CuringLine-1,ETL-GPD-SRT-CUR-1,,300PRE19,04--27,Curing press,Non AMC,Mechanical,Hydraulic press,MEDIUM,,Manikandan,Production,Yes,ON,,,,,No,,
300 TON CURING PRESS - 20,CuringLine-1,ETL-GPD-SRT-CUR-1,,300PRE20,04--28,Curing press,Non AMC,Mechanical,Hydraulic press,MEDIUM,,Manikandan,Production,Yes,ON,,,,,No,,
300 TON CURING PRESS - 21,CuringLine-1,ETL-GPD-SRT-CUR-1,,300PRE21,04--29,Curing press,Non AMC,Mechanical,Hydraulic press,MEDIUM,,Manikandan,Production,Yes,ON,,,,,No,,
300 TON CURING PRESS - 22,CuringLine-1,ETL-GPD-SRT-CUR-1,,300PRE22,04--30,Curing press,Non AMC,Mechanical,Hydraulic press,MEDIUM,,Manikandan,Production,Yes,ON,,,,,No,,
300 TON CURING PRESS - 23,CuringLine-1,ETL-GPD-SRT-CUR-1,,300PRE23,04--31,Curing press,Non AMC,Hyd-Elec,Hydraulic press,MEDIUM,,Manikandan,Production,Yes,ON,,24-Jul-2026,,,No,,
300 TON CURING PRESS - 24,CuringLine-1,ETL-GPD-SRT-CUR-1,,300PRE24,04--32,Curing press,Non AMC,Mechanical,Hydraulic press,MEDIUM,,Manikandan,Production,Yes,ON,,,,,No,,
300 TON CURING PRESS - 25,CuringLine-1,ETL-GPD-SRT-CUR-1,,300PRE25,04--33,Curing press,Non AMC,Mechanical,Hydraulic press,MEDIUM,,Manikandan,Production,Yes,ON,,,,,No,,
300 TON CURING PRESS - 26,CuringLine-1,ETL-GPD-SRT-CUR-1,,300PRE26,04--34,Curing press,Non AMC,Mechanical,Hydraulic press,MEDIUM,,Manikandan,Production,Yes,ON,,,,,No,,
300 TON CURING PRESS - 27,CuringLine-1,ETL-GPD-SRT-CUR-1,,300PRE27,04--35,Curing press,Non AMC,Mechanical,Hydraulic press,MEDIUM,,Manikandan,Production,Yes,ON,,,,,No,,
300 TON CURING PRESS - 28,CuringLine-1,ETL-GPD-SRT-CUR-1,,300PRE28,04--36,Curing press,Non AMC,Mechanical,Hydraulic press,MEDIUM,,Manikandan,Production,Yes,ON,,,,,No,,
300 TON CURING PRESS -1,CuringLine-1,ETL-GPD-SRT-CUR-1,,300PRE01,04--05,Curing press,Non AMC,Hyd-Elec,Hydraulic press,MEDIUM,,Manikandan,Production,Yes,ON,,07-Jul-2026,"BI Monthly,04--05",01-Sep-2026,No,,
300 TON CURING PRESS -10,CuringLine-2,ETL-GPD-SRT-CUR-2,,300PRE10,04--18,Curing press,Non AMC,Hyd-Elec,Hydraulic press,MEDIUM,,Manikandan,Production,Yes,ON,,01-Jul-2026,,02-Sep-2026,No,,
300 TON CURING PRESS -11,CuringLine-2,ETL-GPD-SRT-CUR-2,,300PRE11,04--19,Curing press,Non AMC,Hyd-Elec,Hydraulic press,MEDIUM,,Manikandan,Production,Yes,OFF,,02-Jul-2026,,,No,,
300 TON CURING PRESS -12,CuringLine-2,ETL-GPD-SRT-CUR-2,,300PRE12,04--20,Curing press,Non AMC,Hyd-Elec,Hydraulic press,MEDIUM,,Manikandan,Production,Yes,ON,,03-Jul-2026,,,No,,
300 TON CURING PRESS -13,CuringLine-1,ETL-GPD-SRT-CUR-1,,300PRE13,04--21,Curing press,Non AMC,Hyd-Elec,Hydraulic press,MEDIUM,,Manikandan,Production,Yes,ON,,,,,No,,
300 TON CURING PRESS -14,CuringLine-1,ETL-GPD-SRT-CUR-1,,300PRE14,04--22,Curing press,Non AMC,Hyd-Elec,Hydraulic press,MEDIUM,,Manikandan,Production,Yes,ON,,,,,No,,
300 TON CURING PRESS -15,CuringLine-2,ETL-GPD-SRT-CUR-2,,300PRE15,04--23,Curing press,Non AMC,Hyd-Elec,Hydraulic press,MEDIUM,,Manikandan,Production,Yes,ON,,14-Jul-2026,,,No,,
300 TON CURING PRESS -2,CuringLine-1,ETL-GPD-SRT-CUR-1,,300PRE02,04--06,Curing press,Non AMC,Hyd-Elec,Hydraulic press,MEDIUM,,Manikandan,Production,Yes,ON,,08-Jul-2026,,,No,,
300 TON CURING PRESS -3,CuringLine-1,ETL-GPD-SRT-CUR-1,,300PRE03,04--07,Curing press,Non AMC,Hyd-Elec,Hydraulic press,MEDIUM,,Manikandan,Production,Yes,ON,,09-Jul-2026,,,No,,
300 TON CURING PRESS -4,CuringLine-1,ETL-GPD-SRT-CUR-1,,300PRE04,04--08,Curing press,Non AMC,Hyd-Elec,Hydraulic press,MEDIUM,,Manikandan,Production,Yes,ON,,10-Jul-2026,,,No,,
300 TON CURING PRESS -5,CuringLine-1,ETL-GPD-SRT-CUR-1,,300PRE05,04--09,Curing press,Non AMC,Hyd-Elec,Hydraulic press,MEDIUM,,Manikandan,Production,Yes,ON,,11-Jul-2026,,,No,,
300 TON CURING PRESS -6,CuringLine-1,ETL-GPD-SRT-CUR-1,,300PRE06,04--10,Curing press,Non AMC,Hyd-Elec,Hydraulic press,MEDIUM,,Manikandan,Production,Yes,ON,,20-Jul-2026,,,No,,
300 TON CURING PRESS -7,CuringLine-2,ETL-GPD-SRT-CUR-2,,300PRE07,04--14,Curing press,Non AMC,Hyd-Elec,Hydraulic press,MEDIUM,,Manikandan,Production,Yes,ON,,,,,No,,
300 TON CURING PRESS -8,CuringLine-2,ETL-GPD-SRT-CUR-2,,300PRE08,04--15,Curing press,Non AMC,Hyd-Elec,Hydraulic press,MEDIUM,,Manikandan,Production,Yes,ON,,,,,No,,
300 TON CURING PRESS -9,CuringLine-2,ETL-GPD-SRT-CUR-2,,300PRE09,04--16,Curing press,Non AMC,Hyd-Elec,Hydraulic press,MEDIUM,,Manikandan,Production,Yes,ON,,16-Jul-2026,,,No,,
300 TON HYDRAULIC PRESS,Splitrimline,ETL-GPD-RIM-SR,,300PRE16,300 TON HYDRAULIC PRESS,Hydraulic press,Non AMC,Mech-Elec,,HIGH,,Admin,Production,No,ON,,13-Jul-2026,,10-Aug-2026,No,,
36'' CALENDAR,Calender,ETL-GPD-IPT-CAL,,36CAL03,36'' CALENDAR,Calender,Others,Mech-Elec,,HIGH,,Nimeesh NP,Production,Yes,ON,,02-Aug-2026,,,No,,
"38""CURING PRESS - TUBE - HYDRAULIC WITH 4 CAVITIES",CuringPress,ETL-GPD-TUB-CUR,,38PRE01,"38""CURING PRESS - TUBE - HYDRAULIC WITH 4 CAVITIES",Curing press,Non AMC,Hyd-Elec,,HIGH,,Admin,Production,Yes,ON,,28-Jun-2026,BI Monthly - PRETM-02 AB (TUBE CURING),23-Aug-2026,No,,
4 ROLLING MACHINE (AKYAPAK),Steelbandline,ETL-GPD-RIM-SB,,4ROLMAC01,4 ROLLING MACHINE (AKYAPAK),Rolling Machine,Non AMC,Mech-Elec,,HIGH,,Admin,Production,Yes,OFF,,14-Jul-2026,,11-Aug-2026,No,,
"40"" CURING PRESS-1 (20-31)",Curingline-1,ETL-GPD-IPT-CUR,,40PRE01,"40"" CURING PRESS-1 (20-31)",Curing press,Others,Mech-Elec,,HIGH,,Nimeesh NP,Production,Yes,OFF,,25-Jun-2026,,27-Aug-2026,No,,
"40"" CURING PRESS-2 (20-33)",Curingline-1,ETL-GPD-IPT-CUR,,40PRE02,"40"" CURING PRESS-2 (20-33)",Curing press,Others,Mech-Elec,,HIGH,,Nimeesh NP,Production,No,OFF,,05-Jun-2026,,07-Aug-2026,No,,
"42"" CURING PRESS -13 (20-27)",Curingline-1,ETL-GPD-IPT-CUR,,42PRE13,"42"" CURING PRESS -13 (20-27)",Curing press,Others,Mech-Elec,,HIGH,,Nimeesh NP,Production,Yes,OFF,,11-Jul-2026,,,No,,
"42"" CURING PRESS -14 (20-28)",Curingline-1,ETL-GPD-IPT-CUR,,42PRE14,"42"" CURING PRESS -14 (20-28)",Curing press,Others,Mech-Elec,,HIGH,,Nimeesh NP,Production,Yes,ON,,20-Jul-2026,,,No,,
"42"" CURING PRESS -16 (20-30)",Curingline-1,ETL-GPD-IPT-CUR,,42PRE16,"42"" CURING PRESS -16 (20-30)",Curing press,Others,Mech-Elec,,HIGH,,Nimeesh NP,Production,Yes,OFF,,01-Jul-2026,,02-Sep-2026,No,,
42' CURING PRESS -1 (20-04),Curingline-1,ETL-GPD-IPT-CUR,,42PRE01,42'' CURING PRESS -1 (20-04),Curing press,Others,Mech-Elec,,HIGH,,Nimeesh NP,Production,Yes,OFF,,13-Jun-2026,,08-Aug-2026,No,,
42' CURING PRESS -11 (20-23),Curingline-1,ETL-GPD-IPT-CUR,,42PRE11,42'' CURING PRESS -11 (20-23),Curing press,Others,Mech-Elec,,HIGH,,Nimeesh NP,Production,Yes,ON,,25-Jun-2026,,27-Aug-2026,No,,
42' CURING PRESS -12 (20-24),Curingline-1,ETL-GPD-IPT-CUR,,42PRE12,42'' CURING PRESS -12 (20-24),Curing press,Others,Mech-Elec,,HIGH,,Nimeesh NP,Production,Yes,OFF,,03-Jul-2026,,,No,,
42' CURING PRESS -2 (20-05),Curingline-1,ETL-GPD-IPT-CUR,,42PRE02,42'' CURING PRESS -2  (20-05),Curing press,Others,Mech-Elec,,HIGH,,Nimeesh NP,Production,Yes,OFF,,15-Jun-2026,Bi-Monthly,17-Aug-2026,No,,
42' CURING PRESS -3 (20-06),Curingline-1,ETL-GPD-IPT-CUR,,42PRE03,42'' CURING PRESS -3  (20-06),Curing press,Non AMC,Mech-Elec,,HIGH,,Nimeesh NP,Production,Yes,OFF,,23-Jun-2026,Bi-Monthly,25-Aug-2026,No,,
42' CURING PRESS -4 (20-07),Curingline-1,ETL-GPD-IPT-CUR,,42PRE04,42'' CURING PRESS -4   (20-07),Curing press,Others,Mech-Elec,,HIGH,,Admin,Production,Yes,OFF,,03-Jun-2026,Bi-Monthly,05-Aug-2026,No,,
42' CURING PRESS -7 (20-15),Curingline-1,ETL-GPD-IPT-CUR,,42PRE07,42'' CURING PRESS -7  (20-15),Curing press,Others,Mech-Elec,,HIGH,,Nimeesh NP,Production,Yes,OFF,,27-Jun-2026,,22-Aug-2026,No,,
42' CURING PRESS -8 (20-20),Curingline-1,ETL-GPD-IPT-CUR,,42PRE08,42'' CURING PRESS -8 (20-20),Curing press,Others,Mech-Elec,,HIGH,,Admin,Production,Yes,OFF,,03-Aug-2026,,,No,,
42' CURING PRESS -9 (20-21),Curingline-1,ETL-GPD-IPT-CUR,,42PRE09,42' CURING PRESS -9 (20-21),Curing press,Others,Mech-Elec,,HIGH,,Nimeesh NP,Production,Yes,OFF,,09-Jun-2026,,11-Aug-2026,No,,
42'' CURING PRESS -10 (20-22),Curingline-1,ETL-GPD-IPT-CUR,,42PRE10,42'' CURING PRESS -10 (20-22),Curing press,Others,Mech-Elec,,HIGH,,Nimeesh NP,Production,Yes,ON,,17-Jun-2026,Bi-Monthly,19-Aug-2026,No,,
42'' CURING PRESS -15 (20-29),Curingline-1,ETL-GPD-IPT-CUR,,42PRE15,42'' CURING PRESS -15 (20-29),Mill,Others,Mech-Elec,,HIGH,,Nimeesh NP,Production,Yes,ON,,28-Jul-2026,,,No,,
42'' CURING PRESS -5   (20-10),Curingline-1,ETL-GPD-IPT-CUR,,42PRE05,42'' CURING PRESS -5   (20-10),Curing press,Others,Mech-Elec,,HIGH,,Nimeesh NP,Production,Yes,OFF,,11-Jun-2026,,13-Aug-2026,No,,
42'' CURING PRESS -6    (20-14),Curingline-1,ETL-GPD-IPT-CUR,,42PRE06,42'' CURING PRESS -6    (20-14),Curing press,Others,Mech-Elec,,HIGH,,Nimeesh NP,Production,Yes,OFF,,19-Jun-2026,Bi-Monthly,21-Aug-2026,No,,
"45"" CURING PRESS -2 (20-09)",Curingline-1,ETL-GPD-IPT-CUR,,45PRE02,"45"" CURING PRESS -2 (20-09)",Curing press,Others,Mech-Elec,,HIGH,,Nimeesh NP,Production,Yes,OFF,,17-Jul-2026,,,No,,
"45""CURING PRESS - 1 (20-08)",Curingline-1,ETL-GPD-IPT-CUR,,45PRE01,"45""CURING PRESS - 1 (20-08)",Curing press,Others,Mech-Elec,,HIGH,,Nimeesh NP,Production,Yes,OFF,,09-Jul-2026,,,No,,
46' CURING PRESS - 2 (20-11),Curingline-1,ETL-GPD-IPT-CUR,,27PRE03,27'' CURING PRESS -3,Curing press,Non AMC,Hyd-Elec,,HIGH,,Admin,Production,Yes,OFF,,06-Mar-2024,,,No,,
46'' CURING PRESS - 3 (20-12),Curingline-1,ETL-GPD-IPT-CUR,,46PRE03,46'' CURING PRESS - 3 (20-12),Curing press,Others,Mech-Elec,,HIGH,,Nimeesh NP,Production,Yes,OFF,,14-Jul-2026,,,No,,
46'' CURING PRESS -1  (20-03),Curingline-1,ETL-GPD-IPT-CUR,,46PRE01,46'' CURING PRESS -1  (20-03),Curing press,Others,Mech-Elec,,HIGH,,Nimeesh NP,Production,No,OFF,,25-Jul-2026,,,No,,
46'' CURING PRESS -2  (20-11),Curingline-1,ETL-GPD-IPT-CUR,,46PRE02,46'' CURING PRESS -2  (20-11),Curing press,Others,Mech-Elec,,HIGH,,Nimeesh NP,Production,Yes,OFF,,06-Jul-2026,,,No,,
"48"" CURING PRESS -2 (20-25)",Curingline-1,ETL-GPD-IPT-CUR,,48PRE02,"48"" CURING PRESS -2 (20-25)",Curing press,Others,Mech-Elec,,HIGH,,Nimeesh NP,Production,Yes,OFF,,23-Jul-2026,,,No,,
"48"" CURING PRESS -3 (20-26)",Curingline-1,ETL-GPD-IPT-CUR,,48PRE03,"48"" CURING PRESS -3 (20-26)",Curing press,Others,Mech-Elec,,HIGH,,Nimeesh NP,Production,Yes,OFF,,03-Jul-2026,,,No,,
48'' CALENDAR,Calender,ETL-GPD-IPT-CAL,,48CAL01,48'' CALENDAR,Calender,Others,Mech-Elec,,HIGH,,Nimeesh NP,Production,Yes,OFF,,02-Aug-2026,,,No,,
48'' CURING PRESS -01 (20-13),Curingline-1,ETL-GPD-IPT-CUR,,48PRE01,48'' CURING PRESS -01 (20-13),Curing press,Others,Mech-Elec,,HIGH,,Nimeesh NP,Production,Yes,ON,,15-Jul-2026,,,No,,
50 TON FITMENT PRESS-1,EmeraldGummidipoondiPlant,ETL-GPD,,50TYRFITPRE01,50 TON FITMENT PRESS-1,Fitment press,Non AMC,Hyd-Elec,Hydraulic press,LOW,,Admin,Non production,Yes,ON,,,,,No,,
50 TON FITMENT PRESS-1,Splitrimline,ETL-GPD-RIM-SR,,50TYRFITPRE01SB,50 TON FITMENT PRESS-1,Hydraulic press,Non AMC,Mech-Elec,,HIGH,,Manikandan,Production,Yes,ON,,08-Jul-2026,,12-Aug-2026,No,,
50 TON FITMENT PRESS-2,EmeraldGummidipoondiPlant,ETL-GPD,,50TYRFITPRE02,50 TON FITMENT PRESS-2,Fitment press,Non AMC,Hyd-Elec,Hydraulic press,LOW,,Admin,Non production,Yes,ON,,,,,No,,
50 TON FITMENT PRESS-2,Splitrimline,ETL-GPD-RIM-SR,,50TYRFITPRE02SB,50 TON FITMENT PRESS-2,Hydraulic press,Non AMC,Mech-Elec,,HIGH,,Manikandan,Production,Yes,ON,,09-Jul-2026,,13-Aug-2026,No,,
55' CURING PRESS -1 (20-16),Curingline-1,ETL-GPD-IPT-CUR,,55PRE01,55'' CURING PRESS -1 (20-16),Curing press,Others,Mech-Elec,,HIGH,,Nimeesh NP,Production,No,ON,,11-Jul-2026,,,No,,
55' CURING PRESS -2 (20-17),Curingline-1,ETL-GPD-IPT-CUR,,55PRE02,55'' CURING PRESS -2 (20-17),Curing press,Others,Mech-Elec,,HIGH,,Nimeesh NP,Production,No,OFF,,20-Jul-2026,,,No,,
550 TON CURING PRESS - 04,CuringLine-2,ETL-GPD-SRT-CUR-2,,550PRE04,04--12,Curing press,Non AMC,Mech-Elec,,HIGH,,Manikandan,Production,Yes,ON,,,,,No,,
550 TON CURING PRESS - 05,CuringLine-2,ETL-GPD-SRT-CUR-2,,550PRE05,04--13,Curing press,Non AMC,Mech-Elec,,HIGH,,Manikandan,Production,Yes,ON,,,,,No,,
550 TON CURING PRESS - 06,CuringLine-2,ETL-GPD-SRT-CUR-2,,550PRE06,04--17,Curing press,Non AMC,Mech-Elec,,HIGH,,Manikandan,Production,Yes,ON,,,,,No,,
550 TON CURING PRESS - 07,CuringLine-1,ETL-GPD-SRT-CUR-1,,550PRE07,04--37,Curing press,Non AMC,Mechanical,Hydraulic press,MEDIUM,,Manikandan,Production,Yes,ON,,,,,No,,
550 TON CURING PRESS - 08,CuringLine-1,ETL-GPD-SRT-CUR-1,,550PRE08,04--38,Curing press,Non AMC,Mechanical,Hydraulic press,MEDIUM,,Manikandan,Production,Yes,ON,,,,,No,,
550 TON CURING PRESS - 09,CuringLine-1,ETL-GPD-SRT-CUR-1,,550PRE09,04--39,Curing press,Non AMC,Mechanical,Hydraulic press,MEDIUM,,Manikandan,Production,Yes,OFF,,,,,No,,
550 TON CURING PRESS -01,CuringLine-1,ETL-GPD-SRT-CUR-1,,550PRE01,04--12,Curing press,Non AMC,Hyd-Elec,Hydraulic press,MEDIUM,,Manikandan,Deleted,Yes,ON,,17-Jul-2026,,,No,,
550 TON CURING PRESS -02,CuringLine-1,ETL-GPD-SRT-CUR-1,,550PRE02,04--03,Curing press,Non AMC,Hyd-Elec,Hydraulic press,MEDIUM,,Manikandan,Production,Yes,ON,,18-Jul-2026,,,No,,
550 TON CURING PRESS -03,CuringLine-1,ETL-GPD-SRT-CUR-1,,550PRE03,04--04,Curing press,Non AMC,Hyd-Elec,Hydraulic press,MEDIUM,,Manikandan,Production,Yes,ON,,,,,No,,
550 TON MOTHER PRESS-O/S-4,Outstationpress,ETL-GPD-SRT-OSPRE,,550MOTPRE01,O/S-4,Out station press,Non AMC,Hyd-Elec,Hydraulic press,HIGH,,Manikandan,Production,Yes,ON,,08-Jul-2026,"Monthly,OS-4",12-Aug-2026,No,,
"6"" HOT FEED EXTRUDER",TubeSection,ETL-GPD-TUB,,6EXT01TP,"6"" HOT FEED EXTRUDER",Extruder,Non AMC,Mech-Elec,,HIGH,,Nimeesh NP,Production,Yes,ON,,02-Aug-2026,,,No,,
6.00 - 9 APEX WINDING MACHINE,IndustrialPneumaticTyres,ETL-GPD-IPT,,69APXWNDGMAC01P,6.00 - 9 APEX WINDING MACHINE,Appex,Others,Mech-Elec,,HIGH,,Nimeesh NP,Production,Yes,ON,,19-Jul-2026,,16-Aug-2026,No,,
600 TON HYDRAULIC PRESS,Splitrimline,ETL-GPD-RIM-SR,,600PRE01,600 TON HYDRAULIC PRESS,Hydraulic press,Non AMC,Mech-Elec,,HIGH,,Admin,Production,Yes,ON,,12-Jul-2026,,09-Aug-2026,No,,
63.5 CURING PRESS,Curingline-1,ETL-GPD-IPT-CUR,,63,63.5 CURING PRESS,Curing press,Non AMC,Mech-Elec,,HIGH,,Nimeesh NP,Production,Yes,ON,,,,,No,,
63.5 CURING PRESS,Curingline-1,ETL-GPD-IPT-CUR,,63:5PRE-01,63.5 CURING PRESS,Curing press,Non AMC,Mech-Elec,,HIGH,,Nimeesh NP,Production,Yes,ON,,07-Dec-2023,,,No,,
"63.5"" CURING PRESS -1 (20-18)",Curingline-1,ETL-GPD-IPT-CUR,,635PRE01,"63.5"" CURING PRESS -1 (20-18)",Curing press,Others,Mech-Elec,,HIGH,,Nimeesh NP,Production,Yes,OFF,,28-Jul-2026,,,No,,
"63.5"" CURING PRESS -2 (20-19)",Curingline-1,ETL-GPD-IPT-CUR,,635PRE02,"63.5"" CURING PRESS -2 (20-19)",Curing press,Others,Mech-Elec,,HIGH,,Nimeesh NP,Production,Yes,ON,,01-Jul-2026,,02-Sep-2026,No,,
650 TON CURING PRESS,CuringLine-2,ETL-GPD-SRT-CUR-2,,650PRE01,04--11,Curing press,Non AMC,Hyd-Elec,Hydraulic press,MEDIUM,,Manikandan,Production,Yes,ON,,23-Jul-2026,,,No,,
"66"" CALENDAR",Calender,ETL-GPD-IPT-CAL,,66CAL01,"66"" CALENDAR",Calendar,Non AMC,Mechanical,,HIGH,,Admin,Production,No,ON,,,,,No,,
75 TON MECHANICAL PRESS,Splitrimline,ETL-GPD-RIM-SR,,75TMECPRE01,75 TON MECHANICAL PRESS,Mechanical Press,Non AMC,Mech-Elec,,HIGH,,Admin,Production,Yes,ON,,09-Jul-2026,,13-Aug-2026,No,,
750 TON MOTHER PRESS-O/S-5,Outstationpress,ETL-GPD-SRT-OSPRE,,750MOTPRE01,O/S-5,Out station press,Non AMC,Hyd-Elec,Hydraulic press,HIGH,,Manikandan,Production,Yes,ON,,09-Jul-2026,,13-Aug-2026,No,,
"8"" HOT FEED EXTRUDER",IndustrialPneumaticTyres,ETL-GPD-IPT,,8HOTFEDEXT01,"8"" HOT FEED EXTRUDER",Extruder,Non AMC,Mech-Elec,,HIGH,,Admin,Production,No,OFF,,18-Mar-2024,,,No,,
"8"" TYRE FITMENT FIXTURE -2",Tyrebuilding,ETL-GPD-SRT-TBL,,8FITFIX02,"8"" TYRE FITMENT FIXTURE -2",Fixtures,Non AMC,Mechanical,,MEDIUM,,Manikandan,Production,No,ON,,,,,No,,
"8"" TYRE FITMENT FIXTURE-1",Tyrebuilding,ETL-GPD-SRT-TBL,,8FITFIX01,"8"" TYRE FITMENT FIXTURE-1",Fixtures,Non AMC,Mechanical,,MEDIUM,,Manikandan,Production,No,ON,,,,,No,,
80 TON MOTHER PRESS-1,Motherpresses,ETL-GPD-SRT-MPRE,,80MOTPRE01,05--04,Mother Press,Non AMC,Hyd-Elec,Hydraulic press,HIGH,,Manikandan,Production,Yes,ON,,05-Sep-2022,,,No,,
80 TON MOTHER PRESS-10,Motherpresses,ETL-GPD-SRT-MPRE,,80MOTPRE10,8mould,Mother Press,Non AMC,Hyd-Elec,Hydraulic press,HIGH,,Manikandan,Deleted,Yes,ON,,24-Jul-2026,"Monthly,05--10",28-Aug-2026,No,,
80 TON MOTHER PRESS-11,Motherpresses,ETL-GPD-SRT-MPRE,,80MOTPRE11,05--11,Mother Press,Non AMC,Hyd-Elec,Hydraulic press,HIGH,,Manikandan,Deleted,Yes,ON,,25-Jul-2026,,22-Aug-2026,No,,
80 TON MOTHER PRESS-2,Motherpresses,ETL-GPD-SRT-MPRE,,80MOTPRE02,05--05,Mother Press,Non AMC,Hyd-Elec,Hydraulic press,HIGH,,Manikandan,Production,Yes,ON,,12-Sep-2022,,,No,,
80 TON MOTHER PRESS-3,Motherpresses,ETL-GPD-SRT-MPRE,,80MOTPRE03,05--06,Mother Press,Non AMC,Hyd-Elec,Hydraulic press,HIGH,,Manikandan,Production,Yes,ON,,19-Sep-2022,,,No,,
80 TON MOTHER PRESS-4,Motherpresses,ETL-GPD-SRT-MPRE,,80MOTPRE04,05--07,Mother Press,Non AMC,Hyd-Elec,Hydraulic press,HIGH,,Manikandan,Production,Yes,ON,,17-Jul-2026,,21-Aug-2026,No,,
80 TON MOTHER PRESS-5,Motherpresses,ETL-GPD-SRT-MPRE,,80MOTPRE05,05--08,Mother Press,Non AMC,Hyd-Elec,Hydraulic press,HIGH,,Manikandan,Production,Yes,OFF,,18-Jul-2026,,15-Aug-2026,No,,
80 TON MOTHER PRESS-6,Motherpresses,ETL-GPD-SRT-MPRE,,80MOTPRE06,05--09,Mother Press,Non AMC,Hyd-Elec,Hydraulic press,HIGH,,Manikandan,Production,Yes,ON,,27-Jul-2026,,24-Aug-2026,No,,
80 TON MOTHER PRESS-7,Motherpresses,ETL-GPD-SRT-MPRE,,80MOTPRE07,05--10,Mother Press,Non AMC,Hyd-Elec,Hydraulic press,HIGH,,Manikandan,Production,Yes,ON,,28-Jul-2026,,25-Aug-2026,No,,
80 TON MOTHER PRESS-8,Motherpresses,ETL-GPD-SRT-MPRE,,80MOTPRE08,05--11,Mother Press,Non AMC,Hyd-Elec,Hydraulic press,HIGH,,Manikandan,Production,Yes,ON,,22-Jul-2026,,26-Aug-2026,No,,
80 TON MOTHER PRESS-9,Motherpresses,ETL-GPD-SRT-MPRE,,80MOTPRE09,05--12,Mother Press,Non AMC,Hyd-Elec,Hydraulic press,HIGH,,Manikandan,Production,Yes,ON,,23-Jul-2026,,27-Aug-2026,No,,
80TMECPRE02,Splitrimline,ETL-GPD-RIM-SR,,80TMECPRE01,80 TON MECHANICAL PRESS,Mechanical Press,Non AMC,Mech-Elec,,HIGH,,Manikandan,Production,Yes,ON,,,,,No,,
"9"" TYRE FITMENT FIXTURE",Tyrebuilding,ETL-GPD-SRT-TBL,,9FITFIX01,"9"" TYRE FITMENT FIXTURE",Fixtures,Non AMC,Mechanical,,MEDIUM,,Manikandan,Production,No,ON,,,,,No,,
ACCCURATE LATHE,Splitrimline,ETL-GPD-RIM-SR,,LATMAC04,ACCCURATE LATHE,Lathe,Non AMC,Mech-Elec,,HIGH,,Admin,Production,Yes,ON,,02-Aug-2026,,,No,,
AIR BLOWER,IndustrialPneumaticTyres,ETL-GPD-IPT,,AIRBLO01P,AIR BLOWER,Air blower,Others,Mech-Elec,,HIGH,,Nimeesh NP,Production,No,ON,,,,,No,,
AIR COMPRESSOR,Compressors,ETL-GPD-UTL-COMP,,COM06,AIR COMPRESSOR,Compressor,AMC,Electrical,,HIGH,,Admin,Production,Yes,ON,,27-Oct-2022,,,No,,
AIR COMPRESSOR - CP 240 CFM  - 10 BAR,Compressors,ETL-GPD-UTL-COMP,,COM05,AIR COMPRESSOR - CP 240 CFM  - 10 BAR,Compressor,AMC,Electrical,,HIGH,,Admin,Non production,Yes,ON,,15-Aug-2021,,,No,,
AIR COMPRESSOR 09 - CPVS 75,MixingSection,ETL-GPD-MIX,,AIRCOMPRSR09CPVS75,AIR COMPRESSOR 09 - CPVS 75 - 2025,Utilities,Non AMC,Electrical,AIR COMPRESSOR CPVS 75,HIGH,,Nimeesh NP,Production,Yes,ON,,,,,No,,
AIR COMPRESSOR ATLAS COPCO-2,Compressors,ETL-GPD-UTL-COMP,,COM02,AIR COMPRESSOR ATLAS COPCO-2,Compressor,AMC,Electrical,,HIGH,,Admin,Non production,Yes,ON,,15-Aug-2021,,,No,,
AIR COMPRESSOR ELGI - CP-1,Compressors,ETL-GPD-UTL-COMP,,COM01,AIR COMPRESSOR ELGI - CP-1,Compressor,AMC,Electrical,,HIGH,,Admin,Non production,Yes,ON,,15-Aug-2021,,,No,,
AIR COMPRESSOR-15 HP-ELGI,Compressors,ETL-GPD-UTL-COMP,,COM07,AIR COMPRESSOR - 15 HP - ELGI,Compressor,Non AMC,Mechanical,,MEDIUM,,Admin,Production,Yes,ON,,16-Jul-2023,,,No,,
AIR COMPRESSOR-ELGI-3,Compressors,ETL-GPD-UTL-COMP,,COM03,AIR COMPRESSOR-ELGI-3,Compressor,AMC,Electrical,,HIGH,,Admin,Non production,Yes,ON,,15-Aug-2021,,,No,,
AIR COMPRESSOR-ELGI-4,Compressors,ETL-GPD-UTL-COMP,,COM04,AIR COMPRESSOR-ELGI-4,Compressor,AMC,Electrical,,HIGH,,Admin,Non production,Yes,ON,,15-Aug-2021,,,No,,
AIR DRYER 03 424 CFM,IndustrialPneumaticTyres,ETL-GPD-IPT,,AIRDRYR03DELAIR424,AIR DRYER 03 - DELAIR MODEL FDI-720 A 424 CFM,Utilities,Non AMC,Electrical,AIR DRYER,HIGH,,Nimeesh NP,Production,Yes,ON,,,,,No,,
ALUMINIUM LADDER - TILTABLE,SolidTyresSection,ETL-GPD-SRT,,ALUTITLAD01,ALUMINIUM LADDER - TILTABLE,Ladder,Non AMC,Mechanical,,LOW,,Manikandan,Production,No,ON,,,,,No,,
ANIL LATHE,Splitrimline,ETL-GPD-RIM-SR,,LATMAC03,ANIL LATHE,Lathe,Non AMC,Mech-Elec,,HIGH,,Admin,Production,Yes,ON,,10-Jul-2026,Monthly,14-Aug-2026,No,,
AWLING MACHINE,IndustrialPneumaticTyres,ETL-GPD-IPT,,AWLMAC01,AWLING MACHINE,Awling machine,Non AMC,Mech-Elec,,MEDIUM,,Admin,Production,No,OFF,,03-Mar-2024,,,No,,
AWLING MACHINE,IndustrialPneumaticTyres,ETL-GPD-IPT,,AWLMAC02,AWLING MACHINE,Awling machine,Non AMC,Mech-Elec,,HIGH,,Nimeesh NP,Production,Yes,OFF,,04-Mar-2024,,,No,,
AWLING MACHINE,IndustrialPneumaticTyres,ETL-GPD-IPT,,AWLMAC01P,AWLING MACHINE,Awling,Others,Mech-Elec,,HIGH,,Nimeesh NP,Production,Yes,ON,,03-Aug-2026,,,No,,
AWLING MACHINE,IndustrialPneumaticTyres,ETL-GPD-IPT,,AWLMAC02P,AWLING MACHINE,Awling,Others,Mech-Elec,,HIGH,,Nimeesh NP,Production,Yes,OFF,,04-Aug-2026,,01-Sep-2026,No,,
BALE CUTTER,MixingSection,ETL-GPD-MIX,,BALCUT01,BALE CUTTER,Bale cutter,Non AMC,Mech-Elec,,HIGH,,Sundaram,Production,No,ON,,02-Aug-2026,,,No,,
BAND BUILDING MACHINE,Bandbuilding,ETL-GPD-IPT-BB,,BANBUIMAC06,BAND BUILDING MACHINE,Building,Non AMC,Mech-Elec,,HIGH,,Nimeesh NP,Production,Yes,ON,,06-Mar-2024,,,No,,
BAND BUILDING MACHINE,Bandbuilding,ETL-GPD-IPT-BB,,BANBUIMAC05,BAND BUILDING MACHINE,Building,Non AMC,Mech-Elec,,HIGH,,Nimeesh NP,Production,Yes,ON,,05-Mar-2024,,,No,,
BAND BUILDING MACHINE,Bandbuilding,ETL-GPD-IPT-BB,,BANBUI01P,BAND BUILDING MACHINE,Band building,Others,Mech-Elec,,HIGH,,Nimeesh NP,Production,Yes,ON,,17-Jun-2026,,19-Aug-2026,No,,
BAND BUILDING MACHINE,Bandbuilding,ETL-GPD-IPT-BB,,BANBUI02P,BAND BUILDING MACHINE,Band building,Others,Mech-Elec,,HIGH,,Nimeesh NP,Production,Yes,ON,,25-Jun-2026,,27-Aug-2026,No,,
BAND BUILDING MACHINE,Bandbuilding,ETL-GPD-IPT-BB,,BANBUI03P,BAND BUILDING MACHINE,Band building,Others,Mech-Elec,,HIGH,,Nimeesh NP,Production,Yes,ON,,05-Jun-2026,,07-Aug-2026,No,,
BAND BUILDING MACHINE,Bandbuilding,ETL-GPD-IPT-BB,,BANBUI04P,BAND BUILDING MACHINE,Band building,Others,Mech-Elec,,HIGH,,Nimeesh NP,Production,Yes,ON,,11-Jul-2026,,,No,,
BAND BUILDING MACHINE,Bandbuilding,ETL-GPD-IPT-BB,,BANBUI05P,BAND BUILDING MACHINE,Band building,Others,Mech-Elec,,HIGH,,Nimeesh NP,Production,Yes,ON,,20-Jul-2026,,,No,,
BAND BUILDING MACHINE,Bandbuilding,ETL-GPD-IPT-BB,,BANBUI06P,BAND BUILDING MACHINE,Band building,Others,Mech-Elec,,HIGH,,Nimeesh NP,Production,Yes,ON,,28-Jul-2026,,,No,,
BAND BUILDING MACHINE-1,Bandbuilding,ETL-GPD-IPT-BB,,BANBUIMAC01,BAND BUILDING MACHINE-1,Band building,Non AMC,Mech-Elec,,HIGH,,Admin,Production,Yes,ON,,05-Mar-2024,,,No,,
BAND BUILDING MACHINE-2,Bandbuilding,ETL-GPD-IPT-BB,,BANBUIMAC02,BAND BUILDING MACHINE-2,Band building,Non AMC,Mech-Elec,,HIGH,,Admin,Production,Yes,ON,,06-Mar-2024,,,No,,
BAND BUILDING MACHINE-3,Bandbuilding,ETL-GPD-IPT-BB,,BANBUIMAC03,BAND BUILDING MACHINE-3,Band building,Non AMC,Mech-Elec,,HIGH,,Admin,Production,Yes,OFF,,07-Mar-2024,,,No,,
BAND BUILDING MACHINE-4,Bandbuilding,ETL-GPD-IPT-BB,,BANBUIMAC04,BAND BUILDING MACHINE-4,Band building,Non AMC,Mech-Elec,,HIGH,,Admin,Production,Yes,OFF,,04-Mar-2024,,,No,,
BAND COATING SPRAY MACHINE,SolidTyresSection,ETL-GPD-SRT,,BPM01,BAND COATING SPRAY MACHINE,Calendar,Non AMC,Mech-Elec,,MEDIUM,,,Production,Yes,ON,,,,,No,,
BATCH OFF UNIT Auto,MixingSection,ETL-GPD-MIX,,BATOFF01,BATCH OFF UNIT Auto,Batch Off unit,Non AMC,Electrical,,LOW,,Admin,Production,Yes,OFF,,26-Jul-2026,,23-Aug-2026,No,,
BATCH OFF UNIT AUTO 03,MixingSection,ETL-GPD-MIX,,BTCHOFF03,BATCH OFF UNIT AUTO 03 (2025),INTERMIXER,Non AMC,Mechanical,BATCH OFF UNIT,HIGH,,Nimeesh NP,Production,Yes,ON,,,,,No,,
BATTERY OPERATED PALLET TRUCK - 01,MixingSection,ETL-GPD-MIX,,BATPLTTRK01,BATTERY OPERATED PALLET TRUCK - 01,Pallet truck,Non AMC,Electrical,BATTERY OPERATED PALLET TRUCK,HIGH,,Nimeesh NP,Production,Yes,ON,,,,,No,,
BATTERY OPERATED PALLET TRUCK - 02,MixingSection,ETL-GPD-MIX,,BATPLTTRK02,BATTERY OPERATED PALLET TRUCK - 02,Pallet truck,Non AMC,Electrical,BATTERY OPERATED PALLET TRUCK,HIGH,,Nimeesh NP,Production,Yes,ON,,,,,No,,
BATTERY OPERATED PALLET TRUCK - 03,MixingSection,ETL-GPD-MIX,,BATPLTTRK03,BATTERY OPERATED PALLET TRUCK - 03,Pallet truck,Non AMC,Electrical,BATTERY OPERATED PALLET TRUCK,HIGH,,Nimeesh NP,Production,Yes,ON,,,,,No,,
BATTERY OPERATED PALLET TRUCK - 04,MixingSection,ETL-GPD-MIX,,BATPLTTRK04,BATTERY OPERATED PALLET TRUCK - 04,Pallet truck,Non AMC,Electrical,BATTERY OPERATED PALLET TRUCK,HIGH,,Nimeesh NP,Production,Yes,ON,,,,,No,,
BEAD APEXING MACHINE,IndustrialPneumaticTyres,ETL-GPD-IPT,,BDAPXMAC01,BEAD APEXING MACHINE,Bead Apexer,Non AMC,Mech-Elec,,HIGH,,Admin,Production,No,OFF,,23-Jul-2023,,,No,,
BEAD FILLERING MACHINE,IndustrialPneumaticTyres,ETL-GPD-IPT,,BDFILMAC01,BEAD FILLERING MACHINE,Bead filler,Non AMC,Mech-Elec,,HIGH,,Admin,Production,No,ON,,05-Mar-2024,,,No,,
BEAD FILLERING MACHINE,IndustrialPneumaticTyres,ETL-GPD-IPT,,FILMAC01P,BEAD FILLERING MACHINE,Bead filler,Others,Mech-Elec,,HIGH,,Nimeesh NP,Production,Yes,ON,,19-Jul-2026,Monthly,16-Aug-2026,No,,
BEAD FLIPPING MACHINE 02,IndustrialPneumaticTyres,ETL-GPD-IPT,,BFLPNGMC02,BEAD FLIPPING MACHINE 02 (CRIAMOS - 2025),Bead winding,Non AMC,Mechanical,BEAD FLIPPING MACHINE,HIGH,,Nimeesh NP,Production,Yes,ON,,,,,No,,
BEAD JAMMING MACHINE,IndustrialPneumaticTyres,ETL-GPD-IPT,,BEAJAM01P,BEAD JAMMING MACHINE,Bead jamming,Others,Mech-Elec,,HIGH,,Nimeesh NP,Production,Yes,ON,,,,,No,,
BEAD RING HUB - 246 X 101 POB MOULD 399,SRT mould,ETL-GPD-SRT-MLD,,MLD399BRGHUBPS246101S,BEAD RING HUB - 246 X 101 POB MOULD 399,Mould,Non AMC,Mechanical,,HIGH,,Manikandan,Production,Yes,ON,,,,,No,,
BEAD SIPPING MACHINE,IndustrialPneumaticTyres,ETL-GPD-IPT,,SIMAC01P,BEAD SIPPING MACHINE,Bead sipping,Others,Mech-Elec,,HIGH,,Nimeesh NP,Production,Yes,ON,,,,,No,,
BEAD WINDING,IndustrialPneumaticTyres,ETL-GPD-IPT,,BEAWIN01PB,BEAD WINDING,Bead Winding machine,Non AMC,Mech-Elec,,HIGH,,Nimeesh NP,Production,Yes,ON,,24-Feb-2024,,,No,,
BEAD WINDING MACHINE,IndustrialPneumaticTyres,ETL-GPD-IPT,,BEAWINMAC01,BEAD WINDING MACHINE,Bead Winding machine,Non AMC,Mech-Elec,,HIGH,,Admin,Production,Yes,OFF,,25-Jul-2023,,,No,,
BEAD WINDING MACHINE,IndustrialPneumaticTyres,ETL-GPD-IPT,,BEAWIN01P,BEAD WINDING MACHINE,Bead Winding machine,Others,Mech-Elec,,HIGH,,Nimeesh NP,Production,Yes,ON,,19-Jul-2026,,16-Aug-2026,No,,
BEAD WIRE COILS  - BEAD WINDING MACHINE ATTACHMENT,IndustrialPneumaticTyres,ETL-GPD-IPT,,BEAWIN01P-ATT,BEAD WIRE COILS  - BEAD WINDING MACHINE ATTACHMENT,Bead Winding machine,Others,Mech-Elec,,HIGH,,Nimeesh NP,Production,No,ON,,,,,No,,
BENCH GRINDER,SolidTyresSection,ETL-GPD-SRT,,BENGRI01,BENCH GRINDER-1,Bench Grinder,Non AMC,Mech-Elec,,LOW,,Manikandan,Production,No,ON,,,,,No,,
BENCH GRINDER,Steelbandline,ETL-GPD-RIM-SB,,BENGRI04,BENCH GRINDER,Grinding machine,Non AMC,Mech-Elec,,LOW,,Admin,Non production,Yes,ON,,11-Jul-2026,Monthly,08-Aug-2026,No,,
BENCH GRINDER,MixingSection,ETL-GPD-MIX,,BENGRI02,BENCH GRINDER-2,Bench Grinder,Non AMC,Electrical,,LOW,,Admin,Non production,No,ON,,,,,No,,
BENCH GRINDER,IndustrialPneumaticTyres,ETL-GPD-IPT,,BENGRI03,BENCH GRINDER-03,Bench Grinder,Non AMC,Electrical,,LOW,,Admin,Non production,No,ON,,,,,No,,
BENCH GRINDER,TubeSection,ETL-GPD-TUB,,BENGRI05,BENCH GRINDER,Bench Grinder,Non AMC,Mechanical,,HIGH,,Admin,Production,No,ON,,,,,No,,
BENCH GRINDING MACHINE,IndustrialPneumaticTyres,ETL-GPD-IPT,,BENGRI01P,BENCH GRINDING MACHINE,Grinding machine,Others,Mech-Elec,,HIGH,,Nimeesh NP,Production,No,ON,,,,,No,,
BOILER 4 TON,BOILER,ETL-GPD-UTL-BOI,,BOILR02,THERMAX - 4 TPH BOILER 02,Utilities,Non AMC,Mech-Elec,Boiler,HIGH,,Manikandan,Production,Yes,OFF,,,,,No,,
BOILER 8 TON,BOILER,ETL-GPD-UTL-BOI,,BOI01,BOILER 01 8 TON  - MIRCO,Utilities,Non AMC,Mech-Elec,Boiler,HIGH,,Admin,Production,Yes,OFF,,,,09-Aug-2026,No,,
BOTTOM STITCHER FOR TBM RB3,IndustrialPneumaticTyres,ETL-GPD-IPT,,BOTSTR01TBMRB3P,BOTTOM STITCHER FOR TBM RB3,Stitcher,Others,Mech-Elec,,HIGH,,Nimeesh NP,Production,No,ON,,,,,No,,
BOTTOM STITCHER FOR TBM RB3,IndustrialPneumaticTyres,ETL-GPD-IPT,,BOTSTR02TBMRB3P,BOTTOM STITCHER FOR TBM RB3,Stitcher,Others,Mech-Elec,,HIGH,,Nimeesh NP,Production,No,ON,,,,,No,,
BOTTOM STITCHER FOR TBM RB3,IndustrialPneumaticTyres,ETL-GPD-IPT,,BOTSTR03TBMRB3P,BOTTOM STITCHER FOR TBM RB3,Stitcher,Others,Mech-Elec,,HIGH,,Nimeesh NP,Production,No,ON,,,,,No,,
BUCKET CONVEYOR,MixingSection,ETL-GPD-MIX,,BUCON01,BUCKET CONVEYOR,Conveyor,Non AMC,Mech-Elec,,MEDIUM,,Admin,Production,No,ON,,19-Jul-2026,,16-Aug-2026,No,,
BUILDING BLOCK XV,MixingSection,ETL-GPD-MIX,,BLDNGBLK15,BUILDING BLOCK XV (MIXING PLANT) 2025,BUILDING BLOCK,Non AMC,Electrical,BUILDING BLOCK,LOW,,Nimeesh NP,Production,Yes,ON,,,,,No,,
"CALENDER 10"" x 30"" - 3 ROLL",Tyrebuilding,ETL-GPD-SRT-TBL,,30CAL01,03--04,Calender,Non AMC,Mech-Elec,,MEDIUM,,Manikandan,Production,Yes,ON,,13-Jul-2026,,10-Aug-2026,No,,
CALENDER 250 MM x 1000 MM - 2 ROLL,Tyrebuilding,ETL-GPD-SRT-TBL,,36CAL02,03--05,Calender,Non AMC,Mech-Elec,,MEDIUM,,Manikandan,Production,Yes,ON,,01-Aug-2026,,,No,,
"CALENDER 36"" - 3 ROLL",Tyrebuilding,ETL-GPD-SRT-TBL,,36CAL01,03--01,Calender,Non AMC,Mech-Elec,,MEDIUM,,Manikandan,Production,Yes,ON,,03-Jul-2026,"Monthly,03--05",07-Aug-2026,No,,
CARBON HANDLING SYSTEM FOR BANBURY 03 - 11 D,InterMixerLine,ETL-GPD-MIX-INTMX,,BAN11D03CHC,CARBON HANDLING SYSTEM FOR BANBURY 03 - 11 D ) 2025,CARBON HANDLING,Non AMC,Mechanical,CARBON HANDLING SYSTEM,HIGH,,Nimeesh NP,Production,Yes,OFF,,,,,No,,
CASING MOULD,SRT mould,ETL-GPD-SRT-MLD,,CASING MOULD,387,Tyre and Pob mould,Non AMC,Mech,,LOW,,Manikandan,Production,No,ON,,,,,No,,
CHAFFER SLITTING MACHINE,IndustrialPneumaticTyres,ETL-GPD-IPT,,CHAFSLIMAC01,CHAFFER SLITTING MACHINE,Chaffer sliter,Non AMC,Mech-Elec,,HIGH,,Admin,Production,No,ON,,03-Mar-2024,,,No,,
CHAFFER SLITTING MACHINE,IndustrialPneumaticTyres,ETL-GPD-IPT,,SLIMAC01P,CHAFFER SLITTING MACHINE,Chaffer sliter,Others,Mech-Elec,,HIGH,,Nimeesh NP,Production,Yes,ON,,09-Jul-2026,,13-Aug-2026,No,,
CHAIN PLLEY BLOCK - 2 TON,Hoist,ETL-GPD-IPT-HST,,2CHABLO01P,CHAIN PLLEY BLOCK - 2 TON,Hoist,Others,Mech-Elec,,HIGH,,Nimeesh NP,Production,No,ON,,,,,No,,
CHAIN PLLEY BLOCK - 2 TON,Hoist,ETL-GPD-IPT-HST,,2CHABLO02P,CHAIN PLLEY BLOCK - 2 TON,Hoist,Others,Mech-Elec,,HIGH,,Nimeesh NP,Production,No,ON,,,,,No,,
CHAIN PLLEY BLOCK - 2 TON,Hoist,ETL-GPD-IPT-HST,,2CHABLO03P,CHAIN PLLEY BLOCK - 2 TON,Hoist,Others,Mech-Elec,,HIGH,,Nimeesh NP,Production,No,ON,,,,,No,,
CHAIN PLLEY BLOCK - 2 TON,Hoist,ETL-GPD-IPT-HST,,2CHABLO04P,CHAIN PLLEY BLOCK - 2 TON,Hoist,Others,Mech-Elec,,HIGH,,Nimeesh NP,Production,No,ON,,,,,No,,
CHALK POWDER APPLICATION UNIT,TubeSection,ETL-GPD-TUB,,CHAPOWAPPUN01,CHALK POWDER APPLICATION UNIT,Chalk powder applicator,Non AMC,Mech-Elec,,MEDIUM,,Admin,Production,No,ON,,,,,No,,
CHILLING UNIT -1,Chillerunit,ETL-GPD-UTL-CHIL,,CHIUNI01,CHILLING UNIT -1,Chiller,Non AMC,Electrical,,HIGH,,Admin,Production,Yes,ON,,,,,No,,
CHILLING UNIT -2,Chillerunit,ETL-GPD-UTL-CHIL,,CHIUNI02,CHILLING UNIT -2,Chiller,Non AMC,Electrical,,HIGH,,Admin,Production,Yes,ON,,,,,No,,
CHILLING UNIT -3,Chillerunit,ETL-GPD-UTL-CHIL,,CHIUNI03,CHILLING UNIT -3,Chiller,Non AMC,Electrical,,HIGH,,Admin,Production,Yes,ON,,,,,No,,
CHILLING UNIT -4,Chillerunit,ETL-GPD-UTL-CHIL,,CHIUNI04,CHILLING UNIT -4,Chiller,Non AMC,Electrical,,HIGH,,Admin,Production,Yes,ON,,,,,No,,
CNC machine,Splitrimline,ETL-GPD-RIM-SR,,CNCLAT01RP,CNC machine,CNC,Others,Mech-Elec,,HIGH,,Manikandan,Production,Yes,ON,,,,08-Aug-2026,No,,
COLD WATER PM,IndustrialPneumaticTyres,ETL-GPD-IPT,,COLWAT01P,COLD WATER PM,COLD WATER PM,Others,Mech-Elec,,HIGH,,Nimeesh NP,Production,No,ON,,26-Jul-2026,,23-Aug-2026,No,,
CONVEYOR - CRACKER MILL,IndustrialPneumaticTyres,ETL-GPD-IPT,,CON01P,CONVEYOR - CRACKER MILL,Mill,Others,Mech-Elec,,HIGH,,Nimeesh NP,Production,No,ON,,,,,No,,
"CONVEYOR - MIXING MILL 60""",IndustrialPneumaticTyres,ETL-GPD-IPT,,CONO2P,"CONVEYOR - MIXING MILL 60""",Mill,Others,Mech-Elec,,HIGH,,Nimeesh NP,Production,No,ON,,,,,No,,
CONVEYOR EXTENSION - TREAD COOLING LINE ATTACHMENT,IndustrialPneumaticTyres,ETL-GPD-IPT,,TRECOO01P-ATT,CONVEYOR EXTENSION - TREAD COOLING LINE ATTACHMENT,Conveyor,Others,Mech-Elec,,HIGH,,Nimeesh NP,Production,No,OFF,,,,,No,,
COOLING TOWER,Coolingtowers,ETL-GPD-UTL-CT,,COOTOW01,COOLING TOWER-1,Cooling tower,Non AMC,Mech-Elec,,MEDIUM,,Admin,Non production,Yes,ON,,14-Jun-2026,BI Monthly - Cooling tower,09-Aug-2026,No,,
COOLING TOWER,Coolingtowers,ETL-GPD-UTL-CT,,COOTOW02,COOLING TOWER,Cooling tower,Non AMC,Mech-Elec,,HIGH,,Admin,Production,Yes,ON,,05-Sep-2021,,,No,,
COOLING TOWER,Coolingtowers,ETL-GPD-UTL-CT,,COOTOW03,COOLING TOWER-3,Cooling tower,Non AMC,Mech-Elec,,HIGH,,Admin,Non production,Yes,ON,,05-Sep-2021,,,No,,
COOLING TOWER 06,MixingSection,ETL-GPD-MIX,,COOLTWR06,COOLING TOWER 06 - MIXING PLANT 2025,Utilities,Non AMC,Mechanical,COOLING TOWER,HIGH,,Nimeesh NP,Production,Yes,ON,,,,,No,,
COOLING TOWER-01,Coolingtowers,ETL-GPD-UTL-CT,,COOTOW04,COOLING TOWER-01,Cooling tower,Non AMC,Mech-Elec,,HIGH,,Admin,Production,Yes,ON,,14-Jun-2026,,09-Aug-2026,No,,
COOLING TOWER-02,Coolingtowers,ETL-GPD-UTL-CT,,COOTOW05,COOLING TOWER-02,Cooling tower,Non AMC,Mech-Elec,,HIGH,,Admin,Production,Yes,ON,,03-Aug-2026,,,No,,
COOLING TOWER-03,Coolingtowers,ETL-GPD-UTL-CT,,COOTOW06,COOLING TOWER-03,Cooling tower,Non AMC,Mech-Elec,,HIGH,,Admin,Production,Yes,ON,,04-Aug-2026,,01-Sep-2026,No,,
CORE FIXER MACHINE-1,Corefixingmachine,ETL-GPD-TUB-CFM,,CORFIXMAC01,CORE FIXER MACHINE-1,Core fixer,Non AMC,Mech-Elec,,MEDIUM,,Admin,Production,Yes,ON,,,,,No,,
CORE FIXER MACHINE-2,Corefixingmachine,ETL-GPD-TUB-CFM,,CORFIXMAC02,CORE FIXER MACHINE-2,Core fixer,Non AMC,Mech-Elec,,MEDIUM,,Admin,Production,Yes,ON,,,,,No,,
CORE FIXER MACHINE-3,Corefixingmachine,ETL-GPD-TUB-CFM,,CORFIXMAC03,CORE FIXER MACHINE-3,Core fixer,Non AMC,Mech-Elec,,MEDIUM,,Admin,Production,Yes,ON,,,,,No,,
"CRACKER MILL - 40""-3",Mill,ETL-GPD-SRT-MILL,,40CRAMIL01,02--08,Mill,Non AMC,Mech-Elec,,HIGH,,Manikandan,Production,Yes,ON,,03-Aug-2026,,,No,,
CURING OUT STATION LINE - 1,Outstationcuring,ETL-GPD-SRT-OSCUR,,CUROSLINE01,CURING OUT STATION LINE - 1,Curing outstation,Non AMC,Mechanical,,HIGH,,Manikandan,Production,No,ON,,,,,No,,
CURING OUT STATION LINE - 2,Outstationcuring,ETL-GPD-SRT-OSCUR,,CUROSLINE02,CURING OUT STATION LINE - 2,Curing outstation,Non AMC,Mechanical,,HIGH,,Manikandan,Production,No,ON,,,,,No,,
CURING OUT STATION LINE - 3,Outstationcuring,ETL-GPD-SRT-OSCUR,,CUROSLINE03,CURING OUT STATION LINE - 3,Curing outstation,Non AMC,Mechanical,,HIGH,,Manikandan,Production,No,ON,,,,,No,,
CURING OUT STATION LINE -4,Outstationcuring,ETL-GPD-SRT-OSCUR,,CUROSLINE04,CURING OUT STATION LINE -4,Curing outstation,Non AMC,Mechanical,,HIGH,,Manikandan,Production,No,ON,,,,,No,,
CURING PRESS,Curingline-1,ETL-GPD-IPT-CUR,,42PRE17,CURING PRESS,Curing press,Non AMC,Mech-Elec,,HIGH,,Nimeesh NP,Production,Yes,ON,,19-Feb-2024,,,No,,
DE-MATIA FLEX TESTER,Instruments LAB,ETL-GPD-LAB-MIS,,FLETESLE01,DE-MATIA FLEX TESTER,Instruments,Non AMC,Instrument,,HIGH,,Admin,Non production,Yes,ON,,,,,No,,
DENSI METER,Instruments LAB,ETL-GPD-LAB-MIS,,DENMETLE01,DENSI METER,Instruments,AMC,Instrument,,HIGH,,Admin,Non production,Yes,ON,,,,,No,,
DG SET 625 KVA,DieselGenerators,ETL-GPD-UTL-DG,,625DGSET01,DG SET 625 KVA-1,DG set,AMC,Electrical,,HIGH,,Admin,Non production,Yes,ON,,08-Aug-2021,,,No,,
DG SET 625 KVA,DieselGenerators,ETL-GPD-UTL-DG,,625DGSET02,DG SET 625 KVA,DG set,AMC,Electrical,,HIGH,,Admin,Non production,Yes,ON,,08-Aug-2021,,,No,,
DIESEL GENERATOR-40 KVA,DieselGenerators,ETL-GPD-UTL-DG,,40DGSET01,DIESEL GENERATOR-40 KVA,DG set,AMC,Electrical,,HIGH,,Admin,Production,Yes,ON,,02-Jul-2026,,06-Aug-2026,No,,
DIESEL GENERATOR-625 KVA,DieselGenerators,ETL-GPD-UTL-DG,,625DGSET03,DIESEL GENERATOR-625 KVA,DG set,AMC,Electrical,,HIGH,,Admin,Production,Yes,ON,,02-Nov-2022,,,No,,
DIN ABRADER,Laboratory,ETL-GPD-LAB,,DINABRLE01,DIN ABRADER,Lab equipments,Non AMC,Mech-Elec,,HIGH,,Admin,Non production,Yes,ON,,,,,No,,
DUMB-BELL CUTTING MACHINE,Laboratory,ETL-GPD-LAB,,DUMBELCUTMACLE01,DUMB-BELL CUTTING MACHINE,Lab equipments,Non AMC,Mech-Elec,,HIGH,,Admin,Non production,Yes,ON,,,,,No,,
DUST COLLECTOR-1,MixingSection,ETL-GPD-MIX,,DUSCOL01,DUST COLLECTOR-1,Dust collector,Non AMC,Electrical,,MEDIUM,,Admin,Non production,No,ON,,,,,No,,
DUST COLLECTOR-2,MixingSection,ETL-GPD-MIX,,DUSCOL02,DUST COLLECTOR-2,Dust collector,Non AMC,Electrical,,MEDIUM,,Admin,Non production,No,ON,,,,,No,,
EELECTRIC HOIST - 2 TON-1,Hoist,ETL-GPD-IPT-HST,,2HOI03,ELECTRIC HOIST - 2 TON-1,Hoist,Others,Mech-Elec,,HIGH,,Nimeesh NP,Production,No,ON,,11-Jul-2026,,08-Aug-2026,No,,
ELECTRIC HOIST (CALENDAR) 3 TON - 20,Hoist,ETL-GPD-IPT-HST,,3HOI20,ELECTRIC HOIST (CALENDAR) 3 TON - 20,Hoist,Others,Mech-Elec,,HIGH,,Nimeesh NP,Production,Yes,OFF,,15-Jul-2026,,19-Aug-2026,No,,
ELECTRIC HOIST (CALENDAR)- 1 TON - 03,Hoist,ETL-GPD-IPT-HST,,1HOI03,ELECTRIC HOIST (CALENDAR)- 1 TON - 03,Hoist,Others,Mech-Elec,,HIGH,,Nimeesh NP,Production,Yes,OFF,,23-Jul-2026,,27-Aug-2026,No,,
ELECTRIC HOIST - 1 TON,Hoist,ETL-GPD-IPT-HST,,1HOI01P,ELECTRIC HOIST - 1 TON,Hoist,Others,Mech-Elec,,HIGH,,Nimeesh NP,Production,Yes,ON,,,,,No,,
ELECTRIC HOIST - 1 TON-01,Hoist,ETL-GPD-SRT-HST,,1HOI01,ELECTRIC HOIST - 1 TON-01,Hoist,Non AMC,Electrical,,HIGH,,Manikandan,Production,No,ON,,15-Jul-2026,,19-Aug-2026,No,,
ELECTRIC HOIST - 1 TON-02,Hoist,ETL-GPD-SRT-HST,,1HOI02,ELECTRIC HOIST - 1 TON-02,Hoist,Non AMC,Electrical,,HIGH,,Manikandan,Production,No,ON,,16-Jul-2026,,20-Aug-2026,No,,
ELECTRIC HOIST - 2 TON,Hoist,ETL-GPD-MIX-HST,,2HOI01,ELECTRIC HOIST - 2 TON,Hoist,Non AMC,Electrical,,MEDIUM,,Admin,Non production,No,ON,,,,,No,,
ELECTRIC HOIST - 2 TON,Hoist,ETL-GPD-IPT-HST,,2HOI01P,ELECTRIC HOIST - 2 TON,Hoist,Others,Mech-Elec,,HIGH,,Nimeesh NP,Production,Yes,ON,,,,,No,,
ELECTRIC HOIST - 2 TON,Hoist,ETL-GPD-IPT-HST,,2HOI02P,ELECTRIC HOIST - 2 TON,Hoist,Others,Mech-Elec,,HIGH,,Nimeesh NP,Production,Yes,ON,,,,,No,,
ELECTRIC HOIST - 2 TON INDEF MAKE-3,Hoist,ETL-GPD-IPT-HST,,2HOI03P,ELECTRIC HOIST - 2 TON INDEF MAKE-3,Hoist,Others,Mech-Elec,,HIGH,,Nimeesh NP,Production,Yes,ON,,,,,No,,
ELECTRIC HOIST - 2 TON INDEF MAKE-4,Hoist,ETL-GPD-IPT-HST,,2HOI04P,ELECTRIC HOIST - 2 TON INDEF MAKE-4,Hoist,Others,Mech-Elec,,HIGH,,Nimeesh NP,Production,Yes,ON,,,,,No,,
ELECTRIC HOIST - 2 TON INDEF MAKE-5,Hoist,ETL-GPD-IPT-HST,,2HOI05P,ELECTRIC HOIST - 2 TON INDEF MAKE-5,Hoist,Others,Mech-Elec,,HIGH,,Nimeesh NP,Production,Yes,ON,,,,,No,,
ELECTRIC HOIST - 2 TON-1,Hoist,ETL-GPD-IPT-HST,,2HOI02,ELECTRIC HOIST - 2 TON-1,Hoist,Others,Mech-Elec,,HIGH,,Nimeesh NP,Production,No,ON,,03-Jul-2026,,07-Aug-2026,No,,
ELECTRIC HOIST - 3 TON,Hoist,ETL-GPD-IPT-HST,,3HOI01P,ELECTRIC HOIST - 3 TON,Hoist,Others,Mech-Elec,,HIGH,,Nimeesh NP,Production,Yes,ON,,,,,No,,
ELECTRIC HOIST - 3 TON-1,Hoist,ETL-GPD-SRT-HST,,3HOI01,ELECTRIC HOIST - 3 TON-01,Hoist,Non AMC,Electrical,,HIGH,,Manikandan,Production,No,ON,,17-Jul-2026,,21-Aug-2026,No,,
ELECTRIC HOIST - 3 TON-10,Hoist,ETL-GPD-SRT-HST,,3HOI10,ELECTRIC HOIST - 3 TON-10,Hoist,Non AMC,Electrical,,HIGH,,Manikandan,Production,No,ON,,24-Jul-2026,,28-Aug-2026,No,,
ELECTRIC HOIST - 3 TON-11,Hoist,ETL-GPD-SRT-HST,,3HOI11,ELECTRIC HOIST - 3 TON-11,Hoist,Non AMC,Electrical,,HIGH,,Manikandan,Production,No,ON,,25-Jul-2026,,22-Aug-2026,No,,
ELECTRIC HOIST - 3 TON-12,Hoist,ETL-GPD-SRT-HST,,3HOI12,ELECTRIC HOIST - 3 TON-12,Hoist,Non AMC,Electrical,,HIGH,,Manikandan,Production,No,ON,,13-Jul-2026,Monthly,10-Aug-2026,No,,
ELECTRIC HOIST - 3 TON-13,Hoist,ETL-GPD-SRT-HST,,3HOI13,ELECTRIC HOIST - 3 TON-13,Hoist,Non AMC,Electrical,,HIGH,,Manikandan,Production,No,ON,,12-Jul-2026,,09-Aug-2026,No,,
ELECTRIC HOIST - 3 TON-14,Hoist,ETL-GPD-SRT-HST,,3HOI14,ELECTRIC HOIST - 3 TON-14,Hoist,Non AMC,Electrical,,HIGH,,Manikandan,Production,No,ON,,12-Jul-2026,,09-Aug-2026,No,,
ELECTRIC HOIST - 3 TON-15,Hoist,ETL-GPD-SRT-HST,,3HOI15,ELECTRIC HOIST - 3 TON-15,Hoist,Non AMC,Electrical,,HIGH,,Manikandan,Production,No,ON,,19-Jul-2026,,16-Aug-2026,No,,
ELECTRIC HOIST - 3 TON-16,Hoist,ETL-GPD-SRT-HST,,3HOI16,ELECTRIC HOIST - 3 TON-16,Hoist,Non AMC,Electrical,,HIGH,,Manikandan,Production,No,ON,,19-Jul-2026,,16-Aug-2026,No,,
ELECTRIC HOIST - 3 TON-17,Hoist,ETL-GPD-SRT-HST,,3HOI17,ELECTRIC HOIST - 3 TON-17,Hoist,Non AMC,Electrical,,HIGH,,Manikandan,Production,No,ON,,19-Jul-2026,,16-Aug-2026,No,,
ELECTRIC HOIST - 3 TON-18,Hoist,ETL-GPD-SRT-HST,,3HOI18,ELECTRIC HOIST - 3 TON-18,Hoist,Non AMC,Electrical,,HIGH,,Manikandan,Production,No,ON,,19-Jul-2026,,16-Aug-2026,No,,
ELECTRIC HOIST - 3 TON-19,Hoist,ETL-GPD-SRT-HST,,3HOI19,ELECTRIC HOIST - 3 TON-19,Hoist,Non AMC,Electrical,,HIGH,,Manikandan,Production,No,ON,,26-Jul-2026,Monthly,23-Aug-2026,No,,
ELECTRIC HOIST - 3 TON-2,Hoist,ETL-GPD-SRT-HST,,3HOI02,ELECTRIC HOIST - 3 TON-02,Hoist,Non AMC,Electrical,,HIGH,,Manikandan,Production,No,ON,,18-Jul-2026,Monthly,15-Aug-2026,No,,
ELECTRIC HOIST - 3 TON-3,Hoist,ETL-GPD-SRT-HST,,3HOI03,ELECTRIC HOIST - 3 TON-03,Hoist,Non AMC,Electrical,,HIGH,,Manikandan,Production,No,ON,,08-Jul-2026,,12-Aug-2026,No,,
ELECTRIC HOIST - 3 TON-4,Hoist,ETL-GPD-SRT-HST,,3HOI04,ELECTRIC HOIST - 3 TON-04,Hoist,Non AMC,Electrical,,HIGH,,Manikandan,Production,No,ON,,17-Jul-2026,,21-Aug-2026,No,,
ELECTRIC HOIST - 3 TON-5,Hoist,ETL-GPD-SRT-HST,,3HOI05,ELECTRIC HOIST - 3 TON-05,Hoist,Non AMC,Electrical,,HIGH,,Manikandan,Production,No,ON,,18-Jul-2026,,15-Aug-2026,No,,
ELECTRIC HOIST - 3 TON-6,Hoist,ETL-GPD-SRT-HST,,3HOI06,ELECTRIC HOIST - 3 TON-06,Hoist,Non AMC,Electrical,,HIGH,,Manikandan,Production,No,ON,,27-Jul-2026,,24-Aug-2026,No,,
ELECTRIC HOIST - 3 TON-7,Hoist,ETL-GPD-SRT-HST,,3HOI07,ELECTRIC HOIST - 3 TON-07,Hoist,Non AMC,Electrical,,HIGH,,Manikandan,Production,No,ON,,28-Jul-2026,"Monthly,26--07",25-Aug-2026,No,,
ELECTRIC HOIST - 3 TON-8,Hoist,ETL-GPD-SRT-HST,,3HOI08,ELECTRIC HOIST - 3 TON-08,Hoist,Non AMC,Electrical,,HIGH,,Manikandan,Production,No,ON,,22-Jul-2026,"Monthly,26--08",26-Aug-2026,No,,
ELECTRIC HOIST - 3 TON-9,Hoist,ETL-GPD-SRT-HST,,3HOI09,ELECTRIC HOIST - 3 TON-09,Hoist,Non AMC,Electrical,,HIGH,,Manikandan,Production,No,ON,,23-Jul-2026,"Monthly,26--09",27-Aug-2026,No,,
ELECTRIC HOIST - 3TON,Hoist,ETL-GPD-IPT-HST,,3HOI02P,ELECTRIC HOIST - 3TON,Hoist,Others,Mech-Elec,,HIGH,,Nimeesh NP,Production,Yes,ON,,,,,No,,
ELECTRIC HOIST - 5 TON  (HEAVY DUTY),Hoist,ETL-GPD-IPT-HST,,5HOI01P,ELECTRIC HOIST - 5 TON  (HEAVY DUTY),Hoist,Others,Mech-Elec,,HIGH,,Manikandan,Production,Yes,ON,,,,,No,,
ELECTRIC HOIST - 5 TON-01,Hoist,ETL-GPD-SRT-HST,,5HOI01,ELECTRIC HOIST - 5 TON-01,Hoist,Non AMC,Electrical,,HIGH,,Manikandan,Production,No,ON,,09-Jul-2026,,13-Aug-2026,No,,
ELECTRIC HOIST - 5 TON-02,Hoist,ETL-GPD-SRT-HST,,5HOI02,ELECTRIC HOIST - 5 TON-02,Hoist,Non AMC,Electrical,,HIGH,,Manikandan,Production,No,ON,,14-Jul-2026,,11-Aug-2026,No,,
ELECTRIC HOIST - 5 TON-03,Hoist,ETL-GPD-SRT-HST,,5HOI03,ELECTRIC HOIST - 5 TON-03,Hoist,Non AMC,Electrical,,HIGH,,Manikandan,Production,No,ON,,03-Aug-2026,,,No,,
ELECTRIC HOIST - 5 TON-04,Hoist,ETL-GPD-SRT-HST,,5HOI04,ELECTRIC HOIST - 5 TON-04,Hoist,Non AMC,Electrical,,HIGH,,Manikandan,Production,No,ON,,12-Jul-2026,Monthly,09-Aug-2026,No,,
ELECTRIC HOIST 3 TON 21,Hoist,ETL-GPD-MIX-HST,,HOISTE3T21,ELECTRIC HOIST 3 TON 21 (MIXING 2025),Hoist,Non AMC,Electrical,ELECTRIC HOIST 3 TON,HIGH,,Nimeesh NP,Production,Yes,ON,,,,,No,,
ENDURANCE TESTING MACHINE,IndustrialPneumaticTyres,ETL-GPD-IPT,,ENDTESMAC01,ENDURANCE TESTING MACHINE,Testing machine,Others,Mech-Elec,,HIGH,,Admin,Production,Yes,ON,,22-Jul-2026,,26-Aug-2026,No,,
ENDURANCE TESTING MACHINE,IndustrialPneumaticTyres,ETL-GPD-IPT,,ENDTESC01P,ENDURANCE TESTING MACHINE,Testing machine,Others,Mech-Elec,,HIGH,,Nimeesh NP,Production,No,ON,,,,,No,,
EOT CRANE 2 TON 01,Hoist,ETL-GPD-MIX-HST,,EOTCRN2T01,EOT CRANE 2 TON 01,Hoist,Non AMC,Electrical,EOT CRANE 2 TON,HIGH,,Nimeesh NP,Production,No,ON,,,,,No,,
"EXTRUDER - 8"" HOT FEED",IndustrialPneumaticTyres,ETL-GPD-IPT,,8EXTHOT01P,"EXTRUDER - 8"" HOT FEED",Extruder,Others,Mech-Elec,,HIGH,,Nimeesh NP,Production,Yes,OFF,,12-Jul-2026,,09-Aug-2026,No,,
"EXTRUDER 4 1/2""",SolidTyresSection,ETL-GPD-SRT,,412EXT01,"EXTRUDER 4 1/2""",Extruder,Non AMC,Mech-Elec,,MEDIUM,,Manikandan,Production,Yes,ON,,28-Jul-2026,,,No,,
"EXTRUDER 6""",TubeSection,ETL-GPD-TUB,,6EXT01,"EXTRUDER 6""",Extruder,Non AMC,Mech-Elec,,HIGH,,Admin,Production,Yes,OFF,,10-Jul-2026,,14-Aug-2026,No,,
FABRIC ROLLER,IndustrialPneumaticTyres,ETL-GPD-IPT,,FABROL01P,FABRIC ROLLER,Extruder,Others,Mech-Elec,,HIGH,,Nimeesh NP,Production,No,ON,,,,,No,,
FABRIC SPLICING MACHINE,IndustrialPneumaticTyres,ETL-GPD-IPT,,FABSPL01P,FABRIC SPLICING MACHINE,Splicing,Others,Mech-Elec,,HIGH,,Nimeesh NP,Production,No,ON,,,,,No,,
FLASH BUTT WELDING MACHINE,Steelbandline,ETL-GPD-RIM-SB,,FLWELMAC04,FLASH BUTT WELDING MACHINE,Welding machine,Non AMC,Mech-Elec,,HIGH,,Manikandan,Production,Yes,ON,,20-Jul-2026,Monthly,17-Aug-2026,No,,
FLOOR CLEANER VACCUM 70,MixingSection,ETL-GPD-MIX,,FLRCLNR01VCMPYRO70,FLOOR CLEANER VACCUM - FUMIDO PYRO 70 - 2025,FLOOR CLEANER,Non AMC,Electrical,FLOOR CLEANER VACCUM,LOW,,Nimeesh NP,Production,No,ON,,,,,No,,
FLOOR CLEANING MACHINE,MixingSection,ETL-GPD-MIX,,FLOCLE01,FLOOR CLEANING MACHINE,Floor cleaning machine,Non AMC,Electrical,,LOW,,Admin,Non production,No,ON,,,,,No,,
FORD CUP # 3,Instruments LAB,ETL-GPD-LAB-MIS,,FDCUPLE01,FORD CUP B3,Instruments,Non AMC,Instrument,,HIGH,,Admin,Non production,Yes,ON,,,,,No,,
FORD CUP # 4,Instruments LAB,ETL-GPD-LAB-MIS,,FDCUPLE02,FORD CUP B 4,Instruments,Non AMC,Instrument,,HIGH,,Admin,Non production,Yes,ON,,,,,No,,
GAS CUTTING SET,IndustrialPneumaticTyres,ETL-GPD-IPT,,GASCUT01P,GAS CUTTING SET,Gas cutting,Others,Mech-Elec,,HIGH,,Nimeesh NP,Production,No,ON,,,,,No,,
GREEN TYRE PAINTING MACHINE 01,IndustrialPneumaticTyres,ETL-GPD-IPT,,GTPNTMC01,GREEN TYRE PAINTING MACHINE 01 (SR ENGINEERING SOLUTIONS),Building,Non AMC,Mech-Elec,GREEN TYRE PAINTING MACHINE,HIGH,,Nimeesh NP,Production,Yes,ON,,,,,No,,
HARMONIC ACTIVE FILTER,Utilities,ETL-GPD-UTL,,HARACTFLTR01,HARMONIC ACTIVE FILTER,Stp plant,Non AMC,Mechanical,,LOW,,Admin,Non production,No,ON,,,,,No,,
HMT LB-20 LATHE,Splitrimline,ETL-GPD-RIM-SR,,LATMAC05,HMT LB-20 LATHE,Lathe,Non AMC,Mech-Elec,,MEDIUM,,Admin,Production,Yes,ON,,03-Jul-2023,,,No,,
HMT-22 LATHE,Splitrimline,ETL-GPD-RIM-SR,,LATMAC06,HMT-22 LATHE,Lathe,Non AMC,Mech-Elec,,MEDIUM,,Admin,Production,Yes,ON,,15-Jul-2023,,,No,,
HOT AIR OVEN,Laboratory,ETL-GPD-LAB,,HOTAIRLE01,HOT AIR OVEN,Lab equipments,Non AMC,Mech-Elec,,HIGH,,Admin,Non production,Yes,ON,,,,,No,,
HOT WATER CIRCULATION SYSTEM,IndustrialPneumaticTyres,ETL-GPD-IPT,,GENHOT01P,HOT WATER CIRCULATION SYSTEM,Hot water circulation,Others,Mech-Elec,,HIGH,,Nimeesh NP,Production,No,ON,,26-Jul-2026,,23-Aug-2026,No,,
HOT WATER UNIT,IndustrialPneumaticTyres,ETL-GPD-IPT,,HOTWATUN01,HOT WATER UNIT,Hot water unit,Non AMC,Mech-Elec,,HIGH,,Admin,Production,No,ON,,14-Mar-2024,,,No,,
HYDRAULIC HAND PALLET TRUCK,WheelRim,ETL-GPD-RIM,,HYDPAL05,HYDRAULIC HAND PALLET TRUCK-1,Hand Pallet,Non AMC,Electrical,,MEDIUM,,Admin,Non production,Yes,ON,,,,,No,,
HYDRAULIC HAND PALLET TRUCK,WheelRim,ETL-GPD-RIM,,HYDPAL06,HYDRAULIC HAND PALLET TRUCK-2,Hand Pallet,Non AMC,Electrical,,MEDIUM,,Admin,Non production,No,ON,,,,,No,,
HYDRAULIC HAND PALLET TRUCK - 1 NOS,Hydraulichandpallet,ETL-GPD-MIX-HHP,,HYDPAL03,HYDRAULIC HAND PALLET TRUCK - 1 NOS,Hand Pallet,Non AMC,Hydraulic,,LOW,,Admin,Non production,No,ON,,,,,No,,
HYDRAULIC HAND PALLET TRUCK -2 NOS,Hydraulichandpallet,ETL-GPD-MIX-HHP,,HYDPAL04,HYDRAULIC HAND PALLET TRUCK -2 NOS,Hand Pallet,Non AMC,Hydraulic,,LOW,,Admin,Non production,No,ON,,,,,No,,
HYDRAULIC HAND PALLET TRUCK-1,SolidTyresSection,ETL-GPD-SRT,,HYDPAL01,HYDRAULIC HAND PALLET TRUCK-1,Hand Pallet,Non AMC,Electrical,,MEDIUM,,Manikandan,Production,No,ON,,,,,No,,
HYDRAULIC HAND PALLET TRUCK-2,SolidTyresSection,ETL-GPD-SRT,,HYDPAL02,HYDRAULIC HAND PALLET TRUCK-2,Hand Pallet,Non AMC,Electrical,,MEDIUM,,Manikandan,Production,No,ON,,,,,No,,
HYDRAULIC PALLET TRUCK,IndustrialPneumaticTyres,ETL-GPD-IPT,,PALTRU01P,HYDRAULIC PALLET TRUCK,Pallet truck,Others,Mech-Elec,,HIGH,,Nimeesh NP,Production,No,ON,,,,,No,,
HYDRAULIC STACKER,SolidTyresSection,ETL-GPD-SRT,,HYDSTACK01,HYDRAULIC STACKER,Stacker,Non AMC,Mechanical,Hydraulic,LOW,,Manikandan,Production,No,ON,,,,,No,,
HYDRAULIC STACKER,WheelRim,ETL-GPD-RIM,,HYDSTACK02,HYDRAULIC STACKER-02,Stacker,Non AMC,Mechanical,Hydraulic,LOW,,Admin,Production,Yes,ON,,,,,No,,
INTER MIXER - GK 50 BANBURY,InterMixerLine,ETL-GPD-MIX-INTMX,,GK50BAN01,INTER MIXER - GK 50 BANBURY,Mixing - Inter mixer,Non AMC,Mech-Elec,,HIGH,,Admin,Production,Yes,OFF,,12-Jul-2026,,09-Aug-2026,No,,
Inter mixer 11D 240 L,InterMixerLine,ETL-GPD-MIX-INTMX,,BAN11D03,Inter mixer 11D 240 L,INTERMIXER,Non AMC,Mechanical,Inter mixer 11D,HIGH,,Nimeesh NP,Production,Yes,OFF,,,,,No,,
INTERMIXER K2 - MK4,InterMixerLine,ETL-GPD-MIX-INTMX,,K2INTMIX01,INTERMIXER K2 - MK4,Mixing - Inter mixer,Non AMC,Mech-Elec,,HIGH,,Admin,Production,Yes,ON,,04-Jul-2023,,,No,,
INVERTER - BASE AUTOMATION SYSTEM,SolidTyresSection,ETL-GPD-SRT,,INV01,INVERTER - BASE AUTOMATION SYSTEM,Inverter,Non AMC,Electrical,,MEDIUM,,Manikandan,Production,No,ON,,,,,No,,
JACK 20 TON,SolidTyresSection,ETL-GPD-SRT,,20JAC01,JACK 20 TON,Jack,Non AMC,Mechanical,Hydraulic,LOW,,Manikandan,Production,No,ON,,,,,No,,
JAMMING MACHINE,IndustrialPneumaticTyres,ETL-GPD-IPT,,JAMMAC01,JAMMING MACHINE,Jamming machine,Non AMC,Mech-Elec,,MEDIUM,,Admin,Production,No,ON,,25-Jul-2026,,22-Aug-2026,No,,
JAMMING MACHINE,IndustrialPneumaticTyres,ETL-GPD-IPT,,JAMMAC01P,JAMMING MACHINE,Jamming machine,Others,Mech-Elec,,HIGH,,Nimeesh NP,Production,No,ON,,13-Jan-2025,,,No,,
JAMMING MACHINE,IndustrialPneumaticTyres,ETL-GPD-IPT,,JAMMAC02P,JAMMING MACHINE,Jamming machine,Others,Mech-Elec,,HIGH,,Nimeesh NP,Production,Yes,ON,,14-Jan-2025,,,No,,
KNEADER  - 35 LTRS,MixingSection,ETL-GPD-MIX,,35KNE01,KNEADER  - 35 LTRS,Kneader,Non AMC,Mech-Elec,,HIGH,,Admin,Production,Yes,ON,,08-Jul-2026,,12-Aug-2026,No,,
KNEADER  - 55 LTR,Mill,ETL-GPD-SRT-MILL,,55KNE02,,Kneader,Non AMC,Mech-Elec,,HIGH,,Sundaram,Production,No,ON,,,Weekly,09-Aug-2026,No,,
KNEADER - 55 LTR,SolidTyresSection,ETL-GPD-SRT,,55KNE01,KNEADER - 55 LTR,Kneader,Non AMC,Mech-Elec,,HIGH,,Vigneshwar M,Deleted,Yes,ON,,30-Jul-2023,,,No,,
LAB INTERMIXER,Laboratory,ETL-GPD-LAB,,LABINTLE01,LAB INTERMIXER,Lab equipments,Non AMC,Mech-Elec,,HIGH,,Admin,Non production,Yes,ON,,,,,No,,
LAB MILL - 2 ROLL MILL,Laboratory,ETL-GPD-LAB,,LABMILLE01,LAB MILL - 2 ROLL MILL,Lab equipments,Non AMC,Mech-Elec,,HIGH,,Admin,Non production,Yes,ON,,,,,No,,
LAB PRESS - 02,MixingSection,ETL-GPD-MIX,,LABPRE02,MIXING LAB PRESS - 02,LAB PRESS,Others,Mechanical,LAB PRESS,HIGH,,Nimeesh NP,Production,No,ON,,,,,No,,
LAB PRESS - 1,Laboratory,ETL-GPD-LAB,,LABPREMP01,LAB PRESS - 1,Lab equipments,Non AMC,Mech-Elec,,HIGH,,Admin,Non production,Yes,ON,,,,,No,,
LAB PRESS - 2,Laboratory,ETL-GPD-LAB,,LABPRELE01,LAB PRESS - 2,Lab equipments,Non AMC,Mech-Elec,,HIGH,,Admin,Non production,Yes,ON,,,,,No,,
LATHE  PAYAL 1000 MM,Steelbandline,ETL-GPD-RIM-SB,,LATMAC02,LATHE  PAYAL 1000 MM,Lathe,Non AMC,Mech-Elec,,HIGH,,Admin,Production,Yes,ON,,08-Jul-2026,,12-Aug-2026,No,,
LATHE MACHINE,IndustrialPneumaticTyres,ETL-GPD-IPT,,LATMAC01,LATHE MACHINE,Lathe,Others,Mech-Elec,,HIGH,,Nimeesh NP,Production,Yes,ON,,,,,No,,
LINEAR MIG WELDING MACHINE - WARPP,Steelbandline,ETL-GPD-RIM-SB,,NELMIGWELMAC03,MIG WELDING MACHINE - WARPP,Welding machine,Non AMC,Mech-Elec,,HIGH,,Manikandan,Production,Yes,OFF,,21-Jul-2026,Monthly,18-Aug-2026,No,,
LINIER DRESSING UNIT,IndustrialPneumaticTyres,ETL-GPD-IPT,,LINDRE01P,LINIER DRESSING UNIT,Liner dressing,Others,Mech-Elec,,HIGH,,Nimeesh NP,Production,No,ON,,,,,No,,
LOW TABLE BIAS CUTTING MACHINE,IndustrialPneumaticTyres,ETL-GPD-IPT,,BIACUTMAC01,LOW TABLE BIAS CUTTING MACHINE,Bias cutter,Non AMC,Mech-Elec,,HIGH,,Admin,Production,No,OFF,,15-Mar-2024,,,No,,
LOW TABLE BIAS CUTTING MACHINE,IndustrialPneumaticTyres,ETL-GPD-IPT,,BIACUT02P,LOW TABLE BIAS CUTTING MACHINE,Bias cutting,Others,Mech-Elec,,HIGH,,Nimeesh NP,Production,Yes,OFF,,19-Jul-2026,,16-Aug-2026,No,,
MACPOWER MONO 300 SUPER,Splitrimline,ETL-GPD-RIM-SR,,LATHCNCMC02,LATHE CNC 02,CNC,Others,Mech-Elec,,MEDIUM,,Manikandan,Production,No,ON,,,,,No,,
MAGNET DRILLING MACHINE,SolidTyresSection,ETL-GPD-SRT,,MAGDRI01,MAGNET DRILLING MACHINE,Drilling Machine,Non AMC,Electrical,,LOW,,Manikandan,Production,No,ON,,,,,No,,
MDR - RHEOMETER 1 (MIXING LAB),Instruments LAB,ETL-GPD-LAB-MIS,,RHEMETLE01,MDR - RHEOMETER 1 (MIXING LAB),Instruments,AMC,Instrument,,HIGH,,Admin,Non production,Yes,ON,,,,,No,,
MDR - RHEOMETER 2 (R&D LAB),Instruments LAB,ETL-GPD-LAB-MIS,,RHEMETLE02,MDR - RHEOMETER 2 (R&D LAB),Instruments,AMC,Instrument,,HIGH,,Admin,Non production,Yes,ON,,,,,No,,
MELTING POINT TESTER,Instruments LAB,ETL-GPD-LAB-MIS,,MELPOTESLE01,MELTING POINT TESTER,Instruments,Non AMC,Instrument,,HIGH,,Admin,Non production,Yes,ON,,,,,No,,
MIG WELDING MACHINE - ARPP,Steelbandline,ETL-GPD-RIM-SB,,MIGWELMAC03,MIG WELDING MACHINE - ARPP,Welding machine,Non AMC,Electrical,,HIGH,,Sundaram,Production,No,ON,,23-Jul-2026,,27-Aug-2026,No,,
MIG WELDING MACHINE - ESAB,Steelbandline,ETL-GPD-RIM-SB,,MIGWELMAC01,MIG WELDING MACHINE - ESAB,Welding machine,Non AMC,Electrical,,HIGH,,Admin,Production,Yes,OFF,,24-Jul-2026,,28-Aug-2026,No,,
MIG WELDING MACHINE - L & T,Steelbandline,ETL-GPD-RIM-SB,,MIGWELMAC02,MIG WELDING MACHINE - L & T,Welding machine,Non AMC,Electrical,,HIGH,,Admin,Production,Yes,ON,,25-Jul-2026,,22-Aug-2026,No,,
MILLING MACHINE,Splitrimline,ETL-GPD-RIM-SR,,VERMILMAC01,MILLING MACHINE - HMT M1 TR,Milling Machine,Non AMC,Mech-Elec,,HIGH,,Admin,Production,Yes,ON,,15-Jul-2026,Monthly,19-Aug-2026,No,,
"MIXING MILL  - 16"" x 42"" -6",Mill,ETL-GPD-SRT-MILL,,42MIL04,"MIXING MILL  - 16"" x 42"" -6",Mill,Non AMC,Mech-Elec,,HIGH,,Manikandan,Deleted,Yes,ON,,07-Sep-2022,,,No,,
"MIXING MILL  - 60""-2",Mill,ETL-GPD-MIX-MILL,,60MIL02,"MIXING MILL  - 60""-2",Mill,Non AMC,Mech-Elec,,HIGH,,Admin,Production,Yes,ON,,19-Jul-2026,,16-Aug-2026,No,,
MIXING MILL - 16,Mill,ETL-GPD-SRT-MILL,,42MIL02,02--06,Mill,Non AMC,Mech-Elec,,HIGH,,Manikandan,Production,Yes,ON,,01-Jul-2026,,05-Aug-2026,No,,
"MIXING MILL - 16"" x 42""",Mill,ETL-GPD-IPT-MILL,,42MIL03P,"MIXING MILL - 16"" x 42""",Mill,Others,Mech-Elec,,HIGH,,Nimeesh NP,Production,Yes,ON,,02-Aug-2026,,,No,,
"MIXING MILL - 16"" x 42"" -7",Mill,ETL-GPD-SRT-MILL,,42MIL05,"MIXING MILL - 16"" x 42"" -7",Mill,Non AMC,Mech-Elec,,HIGH,,Manikandan,Deleted,Yes,ON,,14-Sep-2022,,,No,,
"MIXING MILL - 16"" x 42""-1",Mill,ETL-GPD-SRT-MILL,,42MIL01,02--04,Mill,Non AMC,Mech-Elec,,HIGH,,Manikandan,Production,Yes,ON,,04-Aug-2026,,01-Sep-2026,No,,
"MIXING MILL - 16""X 42""-1",Mill,ETL-GPD-IPT-MILL,,42MIL13,"MIXING MILL - 16""X 42""-1",Mill,Non AMC,Mech-Elec,,HIGH,,Admin,Production,Yes,ON,,18-Mar-2024,,,No,,
"MIXING MILL - 16'X 42""-2",Mill,ETL-GPD-IPT-MILL,,42MIL14,"MIXING MILL - 16'X 42""",Mill,Non AMC,Mech-Elec,,HIGH,,Admin,Production,Yes,ON,,13-Mar-2024,,,No,,
"MIXING MILL - 18"" x 48""",Mill,ETL-GPD-SRT-MILL,,48MIL04,"MIXING MILL - 18"" x 48"" -4",Mill,Non AMC,Mechanical,Mill,MEDIUM,,Manikandan,Production,Yes,OFF,,,,,No,,
"MIXING MILL - 18"" x 48""",Mill,ETL-GPD-SRT-MILL,,48MIL05,"MIXING MILL - 18"" x 48"" -5",Mill,Non AMC,Mechanical,Mill,MEDIUM,,Manikandan,Production,Yes,ON,,,,,No,,
"MIXING MILL - 18"" x 48""",Mill,ETL-GPD-SRT-MILL,,48MIL06,"MIXING MILL - 18"" x 48"" -6",Mill,Non AMC,Mechanical,Mill,MEDIUM,,Manikandan,Production,Yes,ON,,,,,No,,
"MIXING MILL - 18"" x 48""-8",Mill,ETL-GPD-SRT-MILL,,48MIL02,02--07,Mill,Non AMC,Mech-Elec,,HIGH,,Manikandan,Deleted,Yes,OFF,,15-Sep-2022,,,No,,
"MIXING MILL - 36""",Mill,ETL-GPD-MIX-MILL,,36MIL01,"MIXING MILL - 36""",Mill,Non AMC,Mech-Elec,,HIGH,,Admin,Production,Yes,ON,,10-Jul-2023,,,No,,
MIXING MILL - 42,Mill,ETL-GPD-IPT-MILL,,42MIL02P,"MIXING MILL - 42""",Mill,Others,Mech-Elec,,HIGH,,Nimeesh NP,Production,Yes,ON,,02-Aug-2026,,,No,,
"MIXING MILL - 42""",Mill,ETL-GPD-IPT-MILL,,42MIL01P,"MIXING MILL - 42""",Mill,Others,Mech-Elec,,HIGH,,Nimeesh NP,Production,Yes,ON,,12-Jul-2026,,09-Aug-2026,No,,
"MIXING MILL - 42""-1",Mill,ETL-GPD-TUB-MILL,,42MIL06,"MIXING MILL - 42""-1",Mill,Non AMC,Mech-Elec,,HIGH,,Admin,Production,Yes,OFF,,02-Aug-2026,,,No,,
"MIXING MILL - 42""-2",Mill,ETL-GPD-TUB-MILL,,42MIL07,"MIXING MILL - 42""-2",Mill,Non AMC,Mech-Elec,,HIGH,,Admin,Production,Yes,ON,,02-Aug-2026,,,No,,
"MIXING MILL - 42""-4",Mill,ETL-GPD-SRT-MILL,,42MIL03,02--05,Mill,Non AMC,Mech-Elec,,HIGH,,Manikandan,Production,Yes,ON,,02-Jul-2026,,05-Aug-2026,No,,
"MIXING MILL - 60""",Mill,ETL-GPD-IPT-MILL,,60MIL01P,"MIXING MILL - 60""",Mill,Others,Mech-Elec,,HIGH,,Nimeesh NP,Production,Yes,ON,,12-Jul-2026,,09-Aug-2026,No,,
"MIXING MILL - 60""-1",Mill,ETL-GPD-MIX-MILL,,60MIL01,"MIXING MILL - 60""-1",Mill,Non AMC,Mech-Elec,,HIGH,,Admin,Production,Yes,OFF,,12-Jul-2026,,09-Aug-2026,No,,
"MIXING MILL 22""X 60""-4",Mill,ETL-GPD-IPT-MILL,,60MIL03,"MIXING MILL 22""X 60""-4",Mill,Non AMC,Mech-Elec,,HIGH,,Admin,Production,Yes,OFF,,06-Jul-2023,,,No,,
MIXING MILL 26 X 84  - 01,Mill,ETL-GPD-MIX-MILL,,MILL84IN01,MIXING MILL 26 X 84  - 01,INTERMIXER,Non AMC,Mechanical,MIXING MILL 84,HIGH,,Nimeesh NP,Production,Yes,ON,,,,,No,,
MIXING MILL 26 X 84  - 02,Mill,ETL-GPD-MIX-MILL,,MILL84IN02,MIXING MILL 26 X 84  - 02,INTERMIXER,Non AMC,Mechanical,MIXING MILL 84,HIGH,,Nimeesh NP,Production,Yes,ON,,,,,No,,
MIXING MILL 48,Mill,ETL-GPD-SRT-MILL,,48MIL01,02--07,Mill,Non AMC,Mech-Elec,,HIGH,,Manikandan,Production,Yes,OFF,,02-Jul-2026,,06-Aug-2026,No,,
"MIXING MILL 48""",Mill,ETL-GPD-MIX-MILL,,48MIL03,"MIXING MILL 48""",Mill,Non AMC,Mech-Elec,,HIGH,,Admin,Production,Yes,ON,,26-Jul-2026,,23-Aug-2026,No,,
MLD01MR3504SM,SRT mould,ETL-GPD-SRT-MLD,,MLD01MR3504SM,1,Tyre and Pob mould,Non AMC,Mech,,LOW,,Manikandan,Production,No,ON,,,,,No,,
MLD02MY3004SM,SRT mould,ETL-GPD-SRT-MLD,,MLD02MY3004SM,2,Tyre and Pob mould,Non AMC,Mech,,LOW,,Manikandan,Production,No,ON,,,,,No,,
MLD03MY44SM,SRT mould,ETL-GPD-SRT-MLD,,MLD03MY44SM,3,Tyre and Pob mould,Non AMC,Mech,,LOW,,Manikandan,Production,No,ON,,,,,No,,
MLD04MR48SM,SRT mould,ETL-GPD-SRT-MLD,,MLD04MR48SM,4,Tyre and Pob mould,Non AMC,Mech,,LOW,,Manikandan,Production,No,ON,,,,,No,,
MLD05MR48SM,SRT mould,ETL-GPD-SRT-MLD,,MLD05MR48SM,5,Tyre and Pob mould,Non AMC,Mech,,LOW,,Manikandan,Production,No,ON,,,,,No,,
MLD06MR48SM,SRT mould,ETL-GPD-SRT-MLD,,MLD06MR48SM,6,Tyre and Pob mould,Non AMC,Mech,,LOW,,Manikandan,Production,No,ON,,,,,No,,
MLD07MR48SM,SRT mould,ETL-GPD-SRT-MLD,,MLD07MR48SM,7,Tyre and Pob mould,Non AMC,Mech,,LOW,,Manikandan,Production,No,ON,,,,,No,,
MLD08MR48SM,SRT mould,ETL-GPD-SRT-MLD,,MLD08MR48SM,8,Tyre and Pob mould,Non AMC,Mech,,LOW,,Manikandan,Production,No,ON,,,,,No,,
MLD09MR48SM,SRT mould,ETL-GPD-SRT-MLD,,MLD09MR48SM,9,Tyre and Pob mould,Non AMC,Mech,,LOW,,Manikandan,Production,No,ON,,,,,No,,
MLD100MY2005010SM,SRT mould,ETL-GPD-SRT-MLD,,MLD100MY2005010SM,100,Tyre and Pob mould,Non AMC,Mech,,LOW,,Manikandan,Production,No,ON,,,,,No,,
MLD101MY2005010SM,SRT mould,ETL-GPD-SRT-MLD,,MLD101MY2005010SM,101,Tyre and Pob mould,Non AMC,Mech,,LOW,,Manikandan,Production,No,ON,,,,,No,,
MLD102MG712SM,SRT mould,ETL-GPD-SRT-MLD,,MLD102MG712SM,102,Tyre and Pob mould,Non AMC,Mech,,LOW,,Manikandan,Production,No,ON,,,,,No,,
MLD103MG712SM,SRT mould,ETL-GPD-SRT-MLD,,MLD103MG712SM,103,Tyre and Pob mould,Non AMC,Mech,,LOW,,Manikandan,Production,No,ON,,,,,No,,
MLD104MG712SM,SRT mould,ETL-GPD-SRT-MLD,,MLD104MG712SM,104,Tyre and Pob mould,Non AMC,Mech,,LOW,,Manikandan,Production,No,ON,,,,,No,,
MLD105MY712SM,SRT mould,ETL-GPD-SRT-MLD,,MLD105MY712SM,105,Tyre and Pob mould,Non AMC,Mech,,LOW,,Manikandan,Production,No,ON,,,,,No,,
MLD106M Z MEO712SM,SRT mould,ETL-GPD-SRT-MLD,,MLD106M Z MEO712SM,106,Tyre and Pob mould,Non AMC,Mech,,LOW,,Manikandan,Production,No,ON,,,,,No,,
MLD107MG712SM,SRT mould,ETL-GPD-SRT-MLD,,MLD107MG712SM,107,Tyre and Pob mould,Non AMC,Mech,,LOW,,Manikandan,Production,No,ON,,,,,No,,
MLD108M Z MEO712SM,SRT mould,ETL-GPD-SRT-MLD,,MLD108M Z MEO712SM,108,Tyre and Pob mould,Non AMC,Mech,,LOW,,Manikandan,Production,No,ON,,,,,No,,
MLD109MG712SM,SRT mould,ETL-GPD-SRT-MLD,,MLD109MG712SM,109,Tyre and Pob mould,Non AMC,Mech,,LOW,,Manikandan,Production,No,ON,,,,,No,,
MLD10MR48SM,SRT mould,ETL-GPD-SRT-MLD,,MLD10MR48SM,10,Tyre and Pob mould,Non AMC,Mech,,LOW,,Manikandan,Production,No,ON,,,,,No,,
MLD110MY712SM,SRT mould,ETL-GPD-SRT-MLD,,MLD110MY712SM,110,Tyre and Pob mould,Non AMC,Mech,,LOW,,Manikandan,Production,No,ON,,,,,No,,
MLD111MY712SM,SRT mould,ETL-GPD-SRT-MLD,,MLD111MY712SM,111,Tyre and Pob mould,Non AMC,Mech,,LOW,,Manikandan,Production,No,ON,,,,,No,,
MLD112MY712SM,SRT mould,ETL-GPD-SRT-MLD,,MLD112MY712SM,112,Tyre and Pob mould,Non AMC,Mech,,LOW,,Manikandan,Production,No,ON,,,,,No,,
MLD113MY712SM (EMERALD) 24.05.19,SRT mould,ETL-GPD-SRT-MLD,,MLD113MY712SM (EMERALD) 24,113,Tyre and Pob mould,Non AMC,Mech,,LOW,,Manikandan,Production,No,ON,,,,,No,,
MLD114MY712SM,SRT mould,ETL-GPD-SRT-MLD,,MLD114MY712SM,114,Tyre and Pob mould,Non AMC,Mech,,LOW,,Manikandan,Production,No,ON,,,,,No,,
MLD115MY712SM,SRT mould,ETL-GPD-SRT-MLD,,MLD115MY712SM,115,Tyre and Pob mould,Non AMC,Mech,,LOW,,Manikandan,Production,No,ON,,,,,No,,
MLD116MY712SM,SRT mould,ETL-GPD-SRT-MLD,,MLD116MY712SM,116,Tyre and Pob mould,Non AMC,Mech,,LOW,,Manikandan,Production,No,ON,,,,,No,,
MLD117MW712SM,SRT mould,ETL-GPD-SRT-MLD,,MLD117MW712SM,117,Tyre and Pob mould,Non AMC,Mech,,LOW,,Manikandan,Production,No,ON,,,,,No,,
MLD118MG712SM,SRT mould,ETL-GPD-SRT-MLD,,MLD118MG712SM,118,Tyre and Pob mould,Non AMC,Mech,,LOW,,Manikandan,Production,No,ON,,,,,No,,
MLD119MG712SM,SRT mould,ETL-GPD-SRT-MLD,,MLD119MG712SM,119,Tyre and Pob mould,Non AMC,Mech,,LOW,,Manikandan,Production,No,ON,,,,,No,,
MLD11MR48SM,SRT mould,ETL-GPD-SRT-MLD,,MLD11MR48SM,11,Tyre and Pob mould,Non AMC,Mech,,LOW,,Manikandan,Production,No,OFF,,,,,No,,
MLD120MW712SM,SRT mould,ETL-GPD-SRT-MLD,,MLD120MW712SM,120,Tyre and Pob mould,Non AMC,Mech,,LOW,,Manikandan,Production,No,ON,,,,,No,,
MLD121MW712SM,SRT mould,ETL-GPD-SRT-MLD,,MLD121MW712SM,121,Tyre and Pob mould,Non AMC,Mech,,LOW,,Manikandan,Production,No,ON,,,,,No,,
MLD122MG712SM,SRT mould,ETL-GPD-SRT-MLD,,MLD122MG712SM,122,Tyre and Pob mould,Non AMC,Mech,,LOW,,Manikandan,Production,No,ON,,,,,No,,
MLD123MY271012SM,SRT mould,ETL-GPD-SRT-MLD,,MLD123MY271012SM,123,Tyre and Pob mould,Non AMC,Mech,,LOW,,Manikandan,Production,No,ON,,,,,No,,
MLD124MG271012SM,SRT mould,ETL-GPD-SRT-MLD,,MLD124MG271012SM,124,Tyre and Pob mould,Non AMC,Mech,,LOW,,Manikandan,Production,No,ON,,,,,No,,
MLD125MY715SM,SRT mould,ETL-GPD-SRT-MLD,,MLD125MY715SM,125,Tyre and Pob mould,Non AMC,Mech,,LOW,,Manikandan,Production,No,ON,,,,,No,,
MLD126MG715SM,SRT mould,ETL-GPD-SRT-MLD,,MLD126MG715SM,126,Tyre and Pob mould,Non AMC,Mech,,LOW,,Manikandan,Production,No,ON,,,,,No,,
MLD127MW715SM,SRT mould,ETL-GPD-SRT-MLD,,MLD127MW715SM,127,Tyre and Pob mould,Non AMC,Mech,,LOW,,Manikandan,Production,No,ON,,,,,No,,
MLD128MY75015SM,SRT mould,ETL-GPD-SRT-MLD,,MLD128MY75015SM,128,Tyre and Pob mould,Non AMC,Mech,,LOW,,Manikandan,Production,No,ON,,,,,No,,
MLD129MG81515SM,SRT mould,ETL-GPD-SRT-MLD,,MLD129MG81515SM,129,Tyre and Pob mould,Non AMC,Mech,,LOW,,Manikandan,Production,No,ON,,,,,No,,
MLD12MR48SM,SRT mould,ETL-GPD-SRT-MLD,,MLD12MR48SM,12,Tyre and Pob mould,Non AMC,Mech,,LOW,,Manikandan,Production,No,ON,,,,,No,,
MLD130MZ81515SM,SRT mould,ETL-GPD-SRT-MLD,,MLD130MZ81515SM,130,Tyre and Pob mould,Non AMC,Mech,,LOW,,Manikandan,Production,No,ON,,,,,No,,
MLD131MG81515SM,SRT mould,ETL-GPD-SRT-MLD,,MLD131MG81515SM,131,Tyre and Pob mould,Non AMC,Mech,,LOW,,Manikandan,Production,No,ON,,,,,No,,
MLD132MY81515SM,SRT mould,ETL-GPD-SRT-MLD,,MLD132MY81515SM,132,Tyre and Pob mould,Non AMC,Mech,,LOW,,Manikandan,Production,No,ON,,,,,No,,
MLD133MY81515SM,SRT mould,ETL-GPD-SRT-MLD,,MLD133MY81515SM,133,Tyre and Pob mould,Non AMC,Mech,,LOW,,Manikandan,Production,No,ON,,,,,No,,
MLD134MY81515SM,SRT mould,ETL-GPD-SRT-MLD,,MLD134MY81515SM,134,Tyre and Pob mould,Non AMC,Mech,,LOW,,Manikandan,Production,No,ON,,,,,No,,
MLD135MY81515SM,SRT mould,ETL-GPD-SRT-MLD,,MLD135MY81515SM,135,Tyre and Pob mould,Non AMC,Mech,,LOW,,Manikandan,Production,No,ON,,,,,No,,
MLD136MW81515SM,SRT mould,ETL-GPD-SRT-MLD,,MLD136MW81515SM,136,Tyre and Pob mould,Non AMC,Mech,,LOW,,Manikandan,Production,No,ON,,,,,No,,
MLD137MG81515SM,SRT mould,ETL-GPD-SRT-MLD,,MLD137MG81515SM,137,Tyre and Pob mould,Non AMC,Mech,,LOW,,Manikandan,Production,No,OFF,,,,,No,,
MLD138MG82515SM,SRT mould,ETL-GPD-SRT-MLD,,MLD138MG82515SM,138,Tyre and Pob mould,Non AMC,Mech,,LOW,,Manikandan,Production,No,ON,,,,,No,,
MLD139MY82515SM,SRT mould,ETL-GPD-SRT-MLD,,MLD139MY82515SM,139,Tyre and Pob mould,Non AMC,Mech,,LOW,,Manikandan,Production,No,ON,,,,,No,,
MLD13MR48SM,SRT mould,ETL-GPD-SRT-MLD,,MLD13MR48SM,13,Tyre and Pob mould,Non AMC,Mech,,LOW,,Manikandan,Production,No,ON,,,,,No,,
MLD140MY82515SM,SRT mould,ETL-GPD-SRT-MLD,,MLD140MY82515SM,140,Tyre and Pob mould,Non AMC,Mech,,LOW,,Manikandan,Production,No,ON,,,,,No,,
MLD141MY82515SM,SRT mould,ETL-GPD-SRT-MLD,,MLD141MY82515SM,141,Tyre and Pob mould,Non AMC,Mech,,LOW,,Manikandan,Production,No,ON,,,,,No,,
MLD142MG82515SM,SRT mould,ETL-GPD-SRT-MLD,,MLD142MG82515SM,142,Tyre and Pob mould,Non AMC,Mech,,LOW,,Manikandan,Production,No,ON,,,,,No,,
MLD143MY25015SM,SRT mould,ETL-GPD-SRT-MLD,,MLD143MY25015SM,143,Tyre and Pob mould,Non AMC,Mech,,LOW,,Manikandan,Production,No,ON,,,,,No,,
MLD144MY25015SM,SRT mould,ETL-GPD-SRT-MLD,,MLD144MY25015SM,144,Tyre and Pob mould,Non AMC,Mech,,LOW,,Manikandan,Production,No,ON,,,,,No,,
MLD145MW25015SM,SRT mould,ETL-GPD-SRT-MLD,,MLD145MW25015SM,145,Tyre and Pob mould,Non AMC,Mech,,LOW,,Manikandan,Production,No,ON,,,,,No,,
MLD146MY30015SM,SRT mould,ETL-GPD-SRT-MLD,,MLD146MY30015SM,146,Tyre and Pob mould,Non AMC,Mech,,LOW,,Manikandan,Production,No,ON,,,,,No,,
MLD147MG30015SM,SRT mould,ETL-GPD-SRT-MLD,,MLD147MG30015SM,147,Tyre and Pob mould,Non AMC,Mech,,LOW,,Manikandan,Production,No,ON,,,,,No,,
MLD148MY30015SM,SRT mould,ETL-GPD-SRT-MLD,,MLD148MY30015SM,148,Tyre and Pob mould,Non AMC,Mech,,LOW,,Manikandan,Production,No,ON,,,,,No,,
MLD149MY75020SM,SRT mould,ETL-GPD-SRT-MLD,,MLD149MY75020SM,149,Tyre and Pob mould,Non AMC,Mech,,LOW,,Manikandan,Production,No,ON,,,,,No,,
MLD14MR48SM,SRT mould,ETL-GPD-SRT-MLD,,MLD14MR48SM,14,Tyre and Pob mould,Non AMC,Mech,,LOW,,Manikandan,Production,No,ON,,,,,No,,
MLD150MY82520SM,SRT mould,ETL-GPD-SRT-MLD,,MLD150MY82520SM,150,Tyre and Pob mould,Non AMC,Mech,,LOW,,Manikandan,Production,No,ON,,,,,No,,
MLD151MG1020SM,SRT mould,ETL-GPD-SRT-MLD,,MLD151MG1020SM,151,Tyre and Pob mould,Non AMC,Mech,,LOW,,Manikandan,Production,No,ON,,,,,No,,
MLD152MY1020SM,SRT mould,ETL-GPD-SRT-MLD,,MLD152MY1020SM,152,Tyre and Pob mould,Non AMC,Mech,,LOW,,Manikandan,Production,No,ON,,,,,No,,
MLD153MS1020SM,SRT mould,ETL-GPD-SRT-MLD,,MLD153MS1020SM,153,Tyre and Pob mould,Non AMC,Mech,,LOW,,Manikandan,Production,No,ON,,,,,No,,
MLD154MS1020SM,SRT mould,ETL-GPD-SRT-MLD,,MLD154MS1020SM,154,Tyre and Pob mould,Non AMC,Mech,,LOW,,Manikandan,Production,No,ON,,,,,No,,
MLD155MY1120SM,SRT mould,ETL-GPD-SRT-MLD,,MLD155MY1120SM,155,Tyre and Pob mould,Non AMC,Mech,,LOW,,Manikandan,Production,No,ON,,,,,No,,
MLD156MY1220SM,SRT mould,ETL-GPD-SRT-MLD,,MLD156MY1220SM,156,Tyre and Pob mould,Non AMC,Mech,,LOW,,Manikandan,Production,No,ON,,,,,No,,
MLD157MY1220SM,SRT mould,ETL-GPD-SRT-MLD,,MLD157MY1220SM,157,Tyre and Pob mould,Non AMC,Mech,,LOW,,Manikandan,Production,No,ON,,,,,No,,
MLD158MY1224SM,SRT mould,ETL-GPD-SRT-MLD,,MLD158MY1224SM,158,Tyre and Pob mould,Non AMC,Mech,,LOW,,Manikandan,Production,No,ON,,,,,No,,
MLD159MY3212115SM,SRT mould,ETL-GPD-SRT-MLD,,MLD159MY3212115SM,159,Tyre and Pob mould,Non AMC,Mech,,LOW,,Manikandan,Production,No,ON,,,,,No,,
MLD15MR48SM,SRT mould,ETL-GPD-SRT-MLD,,MLD15MR48SM,15,Tyre and Pob mould,Non AMC,Mech,,LOW,,Manikandan,Production,No,ON,,,,,No,,
MLD160MY2812515SM,SRT mould,ETL-GPD-SRT-MLD,,MLD160MY2812515SM,160,Tyre and Pob mould,Non AMC,Mech,,LOW,,Manikandan,Production,No,ON,,,,,No,,
MLD161MG231012SM,SRT mould,ETL-GPD-SRT-MLD,,MLD161MG231012SM,161,Tyre and Pob mould,Non AMC,Mech,,LOW,,Manikandan,Production,No,ON,,,,,No,,
MLD162MY231012SM,SRT mould,ETL-GPD-SRT-MLD,,MLD162MY231012SM,162,Tyre and Pob mould,Non AMC,Mech,,LOW,,Manikandan,Production,No,ON,,,,,No,,
MLD163MY75016SM,SRT mould,ETL-GPD-SRT-MLD,,MLD163MY75016SM,163,Tyre and Pob mould,Non AMC,Mech,,LOW,,Manikandan,Production,No,ON,,,,,No,,
MLD164MY1424SM,SRT mould,ETL-GPD-SRT-MLD,,MLD164MY1424SM,164,Tyre and Pob mould,Non AMC,Mech,,LOW,,Manikandan,Production,No,ON,,,,,No,,
MLD165MY82520SM,SRT mould,ETL-GPD-SRT-MLD,,MLD165MY82520SM,165,Tyre and Pob mould,Non AMC,Mech,,LOW,,Manikandan,Production,No,ON,,,,,No,,
MLD166MY2189SM,SRT mould,ETL-GPD-SRT-MLD,,MLD166MY2189SM,166,Tyre and Pob mould,Non AMC,Mech,,LOW,,Manikandan,Production,No,ON,,,,,No,,
MLD167MY154128SM,SRT mould,ETL-GPD-SRT-MLD,,MLD167MY154128SM,167,Tyre and Pob mould,Non AMC,Mech,,LOW,,Manikandan,Production,No,ON,,,,,No,,
MLD168MY48SM,SRT mould,ETL-GPD-SRT-MLD,,MLD168MY48SM,168,Tyre and Pob mould,Non AMC,Mech,,LOW,,Manikandan,Production,No,ON,,,,,No,,
MLD169MY56016511SM,SRT mould,ETL-GPD-SRT-MLD,,MLD169MY56016511SM,169,Tyre and Pob mould,Non AMC,Mech,,LOW,,Manikandan,Production,No,ON,,,,,No,,
MLD16MR48SM,SRT mould,ETL-GPD-SRT-MLD,,MLD16MR48SM,16,Tyre and Pob mould,Non AMC,Mech,,LOW,,Manikandan,Production,No,ON,,,,,No,,
MLD170MY615SM,SRT mould,ETL-GPD-SRT-MLD,,MLD170MY615SM,170,Tyre and Pob mould,Non AMC,Mech,,LOW,,Manikandan,Production,No,ON,,,,,No,,
MLD171MY1020SM,SRT mould,ETL-GPD-SRT-MLD,,MLD171MY1020SM,171,Tyre and Pob mould,Non AMC,Mech,,LOW,,Manikandan,Production,No,ON,,,,,No,,
MLD173MY58SM,SRT mould,ETL-GPD-SRT-MLD,,MLD173MY58SM,173,Tyre and Pob mould,Non AMC,Mech,,LOW,,Manikandan,Production,No,ON,,,,,No,,
MLD174MG69SM,SRT mould,ETL-GPD-SRT-MLD,,MLD174MG69SM,174,Tyre and Pob mould,Non AMC,Mech,,LOW,,Manikandan,Production,No,ON,,,,,No,,
MLD175MG69SM,SRT mould,ETL-GPD-SRT-MLD,,MLD175MG69SM,175,Tyre and Pob mould,Non AMC,Mech,,LOW,,Manikandan,Production,No,ON,,,,,No,,
MLD176MZ69SM,SRT mould,ETL-GPD-SRT-MLD,,MLD176MZ69SM,176,Tyre and Pob mould,Non AMC,Mech,,LOW,,Manikandan,Production,No,ON,,,,,No,,
MLD177MR3208SM,SRT mould,ETL-GPD-SRT-MLD,,MLD177MR3208SM,177,Tyre and Pob mould,Non AMC,Mech,,LOW,,Manikandan,Production,No,ON,,,,,No,,
MLD178MY30916SM,SRT mould,ETL-GPD-SRT-MLD,,MLD178MY30916SM,178,Tyre and Pob mould,Non AMC,Mech,,LOW,,Manikandan,Production,No,ON,,,,,No,,
MLD179MG65010SM,SRT mould,ETL-GPD-SRT-MLD,,MLD179MG65010SM,179,Tyre and Pob mould,Non AMC,Mech,,LOW,,Manikandan,Production,No,ON,,,,,No,,
MLD17MR48SM,SRT mould,ETL-GPD-SRT-MLD,,MLD17MR48SM,17,Tyre and Pob mould,Non AMC,Mech,,LOW,,Manikandan,Production,No,ON,,,,,No,,
MLD180MW1020SM,SRT mould,ETL-GPD-SRT-MLD,,MLD180MW1020SM,180,Tyre and Pob mould,Non AMC,Mech,,LOW,,Manikandan,Production,No,ON,,,,,No,,
MLD181MG140559SM,SRT mould,ETL-GPD-SRT-MLD,,MLD181MG140559SM,181,Tyre and Pob mould,Non AMC,Mech,,LOW,,Manikandan,Production,No,ON,,,,,No,,
MLD182MY48SM,SRT mould,ETL-GPD-SRT-MLD,,MLD182MY48SM,182,Tyre and Pob mould,Non AMC,Mech,,LOW,,Manikandan,Production,No,ON,,,,,No,,
MLD183MY48SM,SRT mould,ETL-GPD-SRT-MLD,,MLD183MY48SM,183,Tyre and Pob mould,Non AMC,Mech,,LOW,,Manikandan,Production,No,ON,,,,,No,,
MLD184MR48SM,SRT mould,ETL-GPD-SRT-MLD,,MLD184MR48SM,184,Tyre and Pob mould,Non AMC,Mech,,LOW,,Manikandan,Production,No,ON,,,,,No,,
MLD185MR48SM,SRT mould,ETL-GPD-SRT-MLD,,MLD185MR48SM,185,Tyre and Pob mould,Non AMC,Mech,,LOW,,Manikandan,Production,No,ON,,,,,No,,
MLD186MR48SM,SRT mould,ETL-GPD-SRT-MLD,,MLD186MR48SM,186,Tyre and Pob mould,Non AMC,Mech,,LOW,,Manikandan,Production,No,ON,,,,,No,,
MLD187MR48SM,SRT mould,ETL-GPD-SRT-MLD,,MLD187MR48SM,187,Tyre and Pob mould,Non AMC,Mech,,LOW,,Manikandan,Production,No,ON,,,,,No,,
MLD188MS100808SM,SRT mould,ETL-GPD-SRT-MLD,,MLD188MS100808SM,188,Tyre and Pob mould,Non AMC,Mech,,LOW,,Manikandan,Production,No,ON,,,,,No,,
MLD18MR48SM,SRT mould,ETL-GPD-SRT-MLD,,MLD18MR48SM,18,Tyre and Pob mould,Non AMC,Mech,,LOW,,Manikandan,Production,No,ON,,,,,No,,
MLD19MR48SM,SRT mould,ETL-GPD-SRT-MLD,,MLD19MR48SM,19,Tyre and Pob mould,Non AMC,Mech,,LOW,,Manikandan,Production,No,ON,,,,,No,,
MLD20MR48SM,SRT mould,ETL-GPD-SRT-MLD,,MLD20MR48SM,20,Tyre and Pob mould,Non AMC,Mech,,LOW,,Manikandan,Production,No,ON,,,,,No,,
MLD21MR48SM,SRT mould,ETL-GPD-SRT-MLD,,MLD21MR48SM,21,Tyre and Pob mould,Non AMC,Mech,,LOW,,Manikandan,Production,No,ON,,,,,No,,
MLD22MR48SM,SRT mould,ETL-GPD-SRT-MLD,,MLD22MR48SM,22,Tyre and Pob mould,Non AMC,Mech,,LOW,,Manikandan,Production,No,ON,,,,,No,,
MLD234MS1224SM,SRT mould,ETL-GPD-SRT-MLD,,MLD234MS1224SM,234,Tyre and Pob mould,Non AMC,Mech,,LOW,,Manikandan,Production,No,ON,,,,,No,,
MLD235MEGO715SM,SRT mould,ETL-GPD-SRT-MLD,,MLD235MEGO715SM,235,Tyre and Pob mould,Non AMC,Mech,,LOW,,Manikandan,Production,No,ON,,,,,No,,
MLD236MR48SM,SRT mould,ETL-GPD-SRT-MLD,,MLD236MR48SM,236,Tyre and Pob mould,Non AMC,Mech,,LOW,,Manikandan,Production,No,ON,,,,,No,,
MLD237MR48SM,SRT mould,ETL-GPD-SRT-MLD,,MLD237MR48SM,237,Tyre and Pob mould,Non AMC,Mech,,LOW,,Manikandan,Production,No,ON,,,,,No,,
MLD238MW140559SM,SRT mould,ETL-GPD-SRT-MLD,,MLD238MW140559SM,238,Tyre and Pob mould,Non AMC,Mech,,LOW,,Manikandan,Production,No,ON,,,,,No,,
MLD239MY3004SM,SRT mould,ETL-GPD-SRT-MLD,,MLD239MY3004SM,239,Tyre and Pob mould,Non AMC,Mech,,LOW,,Manikandan,Production,No,ON,,,,,No,,
MLD23MR48SM,SRT mould,ETL-GPD-SRT-MLD,,MLD23MR48SM,23,Tyre and Pob mould,Non AMC,Mech,,LOW,,Manikandan,Production,No,ON,,,,,No,,
MLD240MY44SM,SRT mould,ETL-GPD-SRT-MLD,,MLD240MY44SM,240,Tyre and Pob mould,Non AMC,Mech,,LOW,,Manikandan,Production,No,ON,,,,,No,,
MLD241MR154128SM,SRT mould,ETL-GPD-SRT-MLD,,MLD241MR154128SM,241,Tyre and Pob mould,Non AMC,Mech,,LOW,,Manikandan,Production,No,ON,,,,,No,,
MLD242MR48SM,SRT mould,ETL-GPD-SRT-MLD,,MLD242MR48SM,242,Tyre and Pob mould,Non AMC,Mech,,LOW,,Manikandan,Production,No,OFF,,,,,No,,
MLD243MR48SM,SRT mould,ETL-GPD-SRT-MLD,,MLD243MR48SM,243,Tyre and Pob mould,Non AMC,Mech,,LOW,,Manikandan,Production,No,ON,,,,,No,,
MLD244MR48SM,SRT mould,ETL-GPD-SRT-MLD,,MLD244MR48SM,244,Tyre and Pob mould,Non AMC,Mech,,LOW,,Manikandan,Production,No,ON,,,,,No,,
MLD245MR48SM,SRT mould,ETL-GPD-SRT-MLD,,MLD245MR48SM,245,Tyre and Pob mould,Non AMC,Mech,,LOW,,Manikandan,Production,No,ON,,,,,No,,
MLD246MR48SM,SRT mould,ETL-GPD-SRT-MLD,,MLD246MR48SM,246,Tyre and Pob mould,Non AMC,Mech,,LOW,,Manikandan,Production,No,ON,,,,,No,,
MLD247MR48SM,SRT mould,ETL-GPD-SRT-MLD,,MLD247MR48SM,247,Tyre and Pob mould,Non AMC,Mech,,LOW,,Manikandan,Production,No,ON,,,,,No,,
MLD248MR48SM,SRT mould,ETL-GPD-SRT-MLD,,MLD248MR48SM,248,Tyre and Pob mould,Non AMC,Mech,,LOW,,Manikandan,Production,No,ON,,,,,No,,
MLD249MR48SM,SRT mould,ETL-GPD-SRT-MLD,,MLD249MR48SM,249,Tyre and Pob mould,Non AMC,Mech,,LOW,,Manikandan,Production,No,ON,,,,,No,,
MLD24MR48SM,SRT mould,ETL-GPD-SRT-MLD,,MLD24MR48SM,24,Tyre and Pob mould,Non AMC,Mech,,LOW,,Manikandan,Production,No,ON,,,,,No,,
MLD250MR154128SM,SRT mould,ETL-GPD-SRT-MLD,,MLD250MR154128SM,250,Tyre and Pob mould,Non AMC,Mech,,LOW,,Manikandan,Production,No,ON,,,,,No,,
MLD251MR154128SM,SRT mould,ETL-GPD-SRT-MLD,,MLD251MR154128SM,251,Tyre and Pob mould,Non AMC,Mech,,LOW,,Manikandan,Production,No,ON,,,,,No,,
MLD252MY44SM,SRT mould,ETL-GPD-SRT-MLD,,MLD252MY44SM,252,Tyre and Pob mould,Non AMC,Mech,,LOW,,Manikandan,Production,No,ON,,,,,No,,
MLD253MY44SM,SRT mould,ETL-GPD-SRT-MLD,,MLD253MY44SM,253,Tyre and Pob mould,Non AMC,Mech,,LOW,,Manikandan,Production,No,ON,,,,,No,,
MLD254MK301016SM,SRT mould,ETL-GPD-SRT-MLD,,MLD254MK301016SM,254,Tyre and Pob mould,Non AMC,Mech,,LOW,,Manikandan,Production,No,ON,,,,,No,,
MLD255MK311020SM,SRT mould,ETL-GPD-SRT-MLD,,MLD255MK311020SM,255,Tyre and Pob mould,Non AMC,Mech,,LOW,,Manikandan,Production,No,ON,,,,,No,,
MLD256MK331220SM,SRT mould,ETL-GPD-SRT-MLD,,MLD256MK331220SM,256,Tyre and Pob mould,Non AMC,Mech,,LOW,,Manikandan,Production,No,ON,,,,,No,,
MLD257MR1678SM,SRT mould,ETL-GPD-SRT-MLD,,MLD257MR1678SM,257,Tyre and Pob mould,Non AMC,Mech,,LOW,,Manikandan,Production,No,ON,,,,,No,,
MLD258MY48SM,SRT mould,ETL-GPD-SRT-MLD,,MLD258MY48SM,258,Tyre and Pob mould,Non AMC,Mech,,LOW,,Manikandan,Production,No,ON,,,,,No,,
MLD259MY48SM,SRT mould,ETL-GPD-SRT-MLD,,MLD259MY48SM,259,Tyre and Pob mould,Non AMC,Mech,,LOW,,Manikandan,Production,No,ON,,,,,No,,
MLD25MR48SM,SRT mould,ETL-GPD-SRT-MLD,,MLD25MR48SM,25,Tyre and Pob mould,Non AMC,Mech,,LOW,,Manikandan,Production,No,ON,,,,,No,,
MLD262MR69SM 21X6-9,SRT mould,ETL-GPD-SRT-MLD,,MLD262MR69SM 21X6-9,262,Tyre and Pob mould,Non AMC,Mech,,LOW,,Manikandan,Production,No,ON,,,,,No,,
MLD263MR151248SM (1512 X 5 - 8),SRT mould,ETL-GPD-SRT-MLD,,MLD263MR151248SM (1512 X 5 - 8),263,Tyre and Pob mould,Non AMC,Mech,,LOW,,Manikandan,Production,No,ON,,,,,No,,
MLD264MY48SM,SRT mould,ETL-GPD-SRT-MLD,,MLD264MY48SM,264,Tyre and Pob mould,Non AMC,Mech,,LOW,,Manikandan,Production,No,ON,,,,,No,,
MLD265MR1248SM,SRT mould,ETL-GPD-SRT-MLD,,MLD265MR1248SM,265,Tyre and Pob mould,Non AMC,Mech,,LOW,,Manikandan,Production,No,ON,,,,,No,,
MLD266MW3004SM,SRT mould,ETL-GPD-SRT-MLD,,MLD266MW3004SM,266,Tyre and Pob mould,Non AMC,Mech,,LOW,,Manikandan,Production,No,ON,,,,,No,,
MLD267MW3004SM,SRT mould,ETL-GPD-SRT-MLD,,MLD267MW3004SM,267,Tyre and Pob mould,Non AMC,Mech,,LOW,,Manikandan,Production,No,ON,,,,,No,,
MLD26MY48SM,SRT mould,ETL-GPD-SRT-MLD,,MLD26MY48SM,26,Tyre and Pob mould,Non AMC,Mech,,LOW,,Manikandan,Production,No,ON,,,,,No,,
MLD27MM48SM,SRT mould,ETL-GPD-SRT-MLD,,MLD27MM48SM,27,Tyre and Pob mould,Non AMC,Mech,,LOW,,Manikandan,Production,No,ON,,,,,No,,
MLD28MR4975SM,SRT mould,ETL-GPD-SRT-MLD,,MLD28MR4975SM,28,Tyre and Pob mould,Non AMC,Mech,,LOW,,Manikandan,Production,No,ON,,,,,No,,
MLD29MR4975SM,SRT mould,ETL-GPD-SRT-MLD,,MLD29MR4975SM,29,Tyre and Pob mould,Non AMC,Mech,,LOW,,Manikandan,Production,No,ON,,,,,No,,
MLD30MR4975SM,SRT mould,ETL-GPD-SRT-MLD,,MLD30MR4975SM,30,Tyre and Pob mould,Non AMC,Mech,,LOW,,Manikandan,Production,No,ON,,,,,No,,
MLD31MY154128SM,SRT mould,ETL-GPD-SRT-MLD,,MLD31MY154128SM,31,Tyre and Pob mould,Non AMC,Mech,,LOW,,Manikandan,Production,No,ON,,,,,No,,
MLD32MG154128SM,SRT mould,ETL-GPD-SRT-MLD,,MLD32MG154128SM,32,Tyre and Pob mould,Non AMC,Mech,,LOW,,Manikandan,Production,No,ON,,,,,No,,
MLD33MW154128SM,SRT mould,ETL-GPD-SRT-MLD,,MLD33MW154128SM,33,Tyre and Pob mould,Non AMC,Mech,,LOW,,Manikandan,Production,No,ON,,,,,No,,
MLD34MG154128SM,SRT mould,ETL-GPD-SRT-MLD,,MLD34MG154128SM,34,Tyre and Pob mould,Non AMC,Mech,,LOW,,Manikandan,Production,No,ON,,,,,No,,
MLD358TRGPG1651012SM,SRT mould,ETL-GPD-SRT-MLD,,MLD358TRGPG1651012SM,358,Tyre and Pob mould,Non AMC,Mech,,LOW,,Manikandan,Production,No,ON,,,,,No,,
MLD359TRGPG1651012SM,SRT mould,ETL-GPD-SRT-MLD,,MLD359TRGPG1651012SM,359,Tyre and Pob mould,Non AMC,Mech,,LOW,,Manikandan,Production,No,ON,,,,,No,,
MLD35MR154128SM,SRT mould,ETL-GPD-SRT-MLD,,MLD35MR154128SM,35,Tyre and Pob mould,Non AMC,Mech,,LOW,,Manikandan,Production,No,ON,,,,,No,,
MLD360TRGPG1661012SM,SRT mould,ETL-GPD-SRT-MLD,,MLD360TRGPG1661012SM,360,Tyre and Pob mould,Non AMC,Mech,,LOW,,Manikandan,Production,No,ON,,,,,No,,
MLD361TRGPG1661012SM,SRT mould,ETL-GPD-SRT-MLD,,MLD361TRGPG1661012SM,361,Tyre and Pob mould,Non AMC,Mech,,LOW,,Manikandan,Production,No,ON,,,,,No,,
MLD362TRGPG161451114SM,SRT mould,ETL-GPD-SRT-MLD,,MLD362TRGPG161451114SM,362,Tyre and Pob mould,Non AMC,Mech,,LOW,,Manikandan,Production,No,ON,,,,,No,,
MLD363TRGPG161451114SM,SRT mould,ETL-GPD-SRT-MLD,,MLD363TRGPG161451114SM,363,Tyre and Pob mould,Non AMC,Mech,,LOW,,Manikandan,Production,No,ON,,,,,No,,
MLD364TRGPG161461114SM,SRT mould,ETL-GPD-SRT-MLD,,MLD364TRGPG161461114SM,364,Tyre and Pob mould,Non AMC,Mech,,LOW,,Manikandan,Production,No,ON,,,,,No,,
MLD365TRGPG161461114SM,SRT mould,ETL-GPD-SRT-MLD,,MLD365TRGPG161461114SM,365,Tyre and Pob mould,Non AMC,Mech,,LOW,,Manikandan,Production,No,ON,,,,,No,,
MLD366TRGPG1851218SM,SRT mould,ETL-GPD-SRT-MLD,,MLD366TRGPG1851218SM,366,Tyre and Pob mould,Non AMC,Mech,,LOW,,Manikandan,Production,No,ON,,,,,No,,
MLD367TRGPG1851218SM,SRT mould,ETL-GPD-SRT-MLD,,MLD367TRGPG1851218SM,367,Tyre and Pob mould,Non AMC,Mech,,LOW,,Manikandan,Production,No,ON,,,,,No,,
MLD368TRGPG1861218SM,SRT mould,ETL-GPD-SRT-MLD,,MLD368TRGPG1861218SM,368,Tyre and Pob mould,Non AMC,Mech,,LOW,,Manikandan,Production,No,ON,,,,,No,,
MLD369TRGPG1871218SM,SRT mould,ETL-GPD-SRT-MLD,,MLD369TRGPG1871218SM,369,Tyre and Pob mould,Non AMC,Mech,,LOW,,Manikandan,Production,No,ON,,,,,No,,
MLD36MG58SM,SRT mould,ETL-GPD-SRT-MLD,,MLD36MG58SM,36,Tyre and Pob mould,Non AMC,Mech,,LOW,,Manikandan,Production,No,ON,,,,,No,,
MLD370TRGPG1881218SM,SRT mould,ETL-GPD-SRT-MLD,,MLD370TRGPG1881218SM,370,Tyre and Pob mould,Non AMC,Mech,,LOW,,Manikandan,Production,No,ON,,,,,No,,
MLD371TRGPG1881218SM,SRT mould,ETL-GPD-SRT-MLD,,MLD371TRGPG1881218SM,371,Tyre and Pob mould,Non AMC,Mech,,LOW,,Manikandan,Production,No,ON,,,,,No,,
MLD372TRGPG1891218SM,SRT mould,ETL-GPD-SRT-MLD,,MLD372TRGPG1891218SM,372,Tyre and Pob mould,Non AMC,Mech,,LOW,,Manikandan,Production,No,ON,,,,,No,,
MLD373TRGPG21715SM,SRT mould,ETL-GPD-SRT-MLD,,MLD373TRGPG21715SM,373,Tyre and Pob mould,Non AMC,Mech,,LOW,,Manikandan,Production,No,ON,,,,,No,,
MLD374TRGPG21715SM,SRT mould,ETL-GPD-SRT-MLD,,MLD374TRGPG21715SM,374,Tyre and Pob mould,Non AMC,Mech,,LOW,,Manikandan,Production,No,ON,,,,,No,,
MLD375TRGPG21915SM,SRT mould,ETL-GPD-SRT-MLD,,MLD375TRGPG21915SM,375,Tyre and Pob mould,Non AMC,Mech,,LOW,,Manikandan,Production,No,ON,,,,,No,,
MLD376TRGPG22616SM,SRT mould,ETL-GPD-SRT-MLD,,MLD376TRGPG22616SM,376,Tyre and Pob mould,Non AMC,Mech,,LOW,,Manikandan,Production,No,ON,,,,,No,,
MLD377TRGPG22816SM,SRT mould,ETL-GPD-SRT-MLD,,MLD377TRGPG22816SM,377,Tyre and Pob mould,Non AMC,Mech,,LOW,,Manikandan,Production,No,ON,,,,,No,,
MLD378TRGPG22916SM,SRT mould,ETL-GPD-SRT-MLD,,MLD378TRGPG22916SM,378,Tyre and Pob mould,Non AMC,Mech,,LOW,,Manikandan,Production,No,ON,,,,,No,,
MLD37MG58SM,SRT mould,ETL-GPD-SRT-MLD,,MLD37MG58SM,37,Tyre and Pob mould,Non AMC,Mech,,LOW,,Manikandan,Production,No,ON,,,,,No,,
MLD38MG58SM,SRT mould,ETL-GPD-SRT-MLD,,MLD38MG58SM,38,Tyre and Pob mould,Non AMC,Mech,,LOW,,Manikandan,Production,No,ON,,,,,No,,
MLD391MR48SM,SRT mould,ETL-GPD-SRT-MLD,,MLD391MR48SM,391,Tyre and Pob mould,Non AMC,Mech,,LOW,,Manikandan,Production,No,ON,,,,,No,,
MLD395MR16512SM,SRT mould,ETL-GPD-SRT-MLD,,MLD395MR16512SM,395,Tyre and Pob mould,Non AMC,Mech,,LOW,,Manikandan,Production,No,ON,,,,,No,,
MLD396MR124SM,SRT mould,ETL-GPD-SRT-MLD,,MLD396MR124SM,396,Tyre and Pob mould,Non AMC,Mech,,LOW,,Manikandan,Production,No,ON,,,,,No,,
MLD39MY58SM,SRT mould,ETL-GPD-SRT-MLD,,MLD39MY58SM,39,Tyre and Pob mould,Non AMC,Mech,,LOW,,Manikandan,Production,No,ON,,,,,No,,
MLD40MY58SM,SRT mould,ETL-GPD-SRT-MLD,,MLD40MY58SM,40,Tyre and Pob mould,Non AMC,Mech,,LOW,,Manikandan,Production,No,ON,,,,,No,,
MLD41MY58SM,SRT mould,ETL-GPD-SRT-MLD,,MLD41MY58SM,41,Tyre and Pob mould,Non AMC,Mech,,LOW,,Manikandan,Production,No,ON,,,,,No,,
MLD42MY58SM,SRT mould,ETL-GPD-SRT-MLD,,MLD42MY58SM,42,Tyre and Pob mould,Non AMC,Mech,,LOW,,Manikandan,Production,No,ON,,,,,No,,
MLD43MW58SM,SRT mould,ETL-GPD-SRT-MLD,,MLD43MW58SM,43,Tyre and Pob mould,Non AMC,Mech,,LOW,,Manikandan,Production,No,ON,,,,,No,,
MLD44MG58SM,SRT mould,ETL-GPD-SRT-MLD,,MLD44MG58SM,44,Tyre and Pob mould,Non AMC,Mech,,LOW,,Manikandan,Production,No,ON,,,,,No,,
MLD45MG58SM,SRT mould,ETL-GPD-SRT-MLD,,MLD45MG58SM,45,Tyre and Pob mould,Non AMC,Mech,,LOW,,Manikandan,Production,No,ON,,,,,No,,
MLD46MG1668SM,SRT mould,ETL-GPD-SRT-MLD,,MLD46MG1668SM,46,Tyre and Pob mould,Non AMC,Mech,,LOW,,Manikandan,Production,No,ON,,,,,No,,
MLD47MY1668SM,SRT mould,ETL-GPD-SRT-MLD,,MLD47MY1668SM,47,Tyre and Pob mould,Non AMC,Mech,,LOW,,Manikandan,Production,No,ON,,,,,No,,
MLD48MW1668SM,SRT mould,ETL-GPD-SRT-MLD,,MLD48MW1668SM,48,Tyre and Pob mould,Non AMC,Mech,,LOW,,Manikandan,Production,No,ON,,,,,No,,
MLD49MW1878SM,SRT mould,ETL-GPD-SRT-MLD,,MLD49MW1878SM,49,Tyre and Pob mould,Non AMC,Mech,,LOW,,Manikandan,Production,No,ON,,,,,No,,
MLD50MY1878SM,SRT mould,ETL-GPD-SRT-MLD,,MLD50MY1878SM,50,Tyre and Pob mould,Non AMC,Mech,,LOW,,Manikandan,Production,No,ON,,,,,No,,
MLD51MY1878SM,SRT mould,ETL-GPD-SRT-MLD,,MLD51MY1878SM,51,Tyre and Pob mould,Non AMC,Mech,,LOW,,Manikandan,Production,No,ON,,,,,No,,
MLD52MG1878SM,SRT mould,ETL-GPD-SRT-MLD,,MLD52MG1878SM,52,Tyre and Pob mould,Non AMC,Mech,,LOW,,Manikandan,Production,No,ON,,,,,No,,
MLD53MY1878SM,SRT mould,ETL-GPD-SRT-MLD,,MLD53MY1878SM,53,Tyre and Pob mould,Non AMC,Mech,,LOW,,Manikandan,Production,No,ON,,,,,No,,
MLD54MY1878SM,SRT mould,ETL-GPD-SRT-MLD,,MLD54MY1878SM,54,Tyre and Pob mould,Non AMC,Mech,,LOW,,Manikandan,Production,No,ON,,,,,No,,
MLD55MG1878SM,SRT mould,ETL-GPD-SRT-MLD,,MLD55MG1878SM,55,Tyre and Pob mould,Non AMC,Mech,,LOW,,Manikandan,Production,No,ON,,,,,No,,
MLD56MW1878SM,SRT mould,ETL-GPD-SRT-MLD,,MLD56MW1878SM,56,Tyre and Pob mould,Non AMC,Mech,,LOW,,Manikandan,Production,No,ON,,,,,No,,
MLD57MG1878SM,SRT mould,ETL-GPD-SRT-MLD,,MLD57MG1878SM,57,Tyre and Pob mould,Non AMC,Mech,,LOW,,Manikandan,Production,No,ON,,,,,No,,
MLD58MS1878SM,SRT mould,ETL-GPD-SRT-MLD,,MLD58MS1878SM,58,Tyre and Pob mould,Non AMC,Mech,,LOW,,Manikandan,Production,No,ON,,,,,No,,
MLD59MY69SM,SRT mould,ETL-GPD-SRT-MLD,,MLD59MY69SM,59,Tyre and Pob mould,Non AMC,Mech,,LOW,,Manikandan,Production,No,ON,,,,,No,,
MLD60MG69SM,SRT mould,ETL-GPD-SRT-MLD,,MLD60MG69SM,60,Tyre and Pob mould,Non AMC,Mech,,LOW,,Manikandan,Production,No,ON,,,,,No,,
MLD61MY69SM,SRT mould,ETL-GPD-SRT-MLD,,MLD61MY69SM,61,Tyre and Pob mould,Non AMC,Mech,,LOW,,Manikandan,Production,No,ON,,,,,No,,
MLD62MY69SM,SRT mould,ETL-GPD-SRT-MLD,,MLD62MY69SM,62,Tyre and Pob mould,Non AMC,Mech,,LOW,,Manikandan,Production,No,ON,,,,,No,,
MLD63MY69SM,SRT mould,ETL-GPD-SRT-MLD,,MLD63MY69SM,63,Tyre and Pob mould,Non AMC,Mech,,LOW,,Manikandan,Production,No,ON,,,,,No,,
MLD64MY69SM,SRT mould,ETL-GPD-SRT-MLD,,MLD64MY69SM,64,Tyre and Pob mould,Non AMC,Mech,,LOW,,Manikandan,Production,No,ON,,,,,No,,
MLD65MY69SM,SRT mould,ETL-GPD-SRT-MLD,,MLD65MY69SM,65,Tyre and Pob mould,Non AMC,Mech,,LOW,,Manikandan,Production,No,ON,,,,,No,,
MLD66MY69SM,SRT mould,ETL-GPD-SRT-MLD,,MLD66MY69SM,66,Tyre and Pob mould,Non AMC,Mech,,LOW,,Manikandan,Production,No,ON,,,,,No,,
MLD67MY69SM,SRT mould,ETL-GPD-SRT-MLD,,MLD67MY69SM,67,Tyre and Pob mould,Non AMC,Mech,,LOW,,Manikandan,Production,No,ON,,,,,No,,
MLD68MW69SM,SRT mould,ETL-GPD-SRT-MLD,,MLD68MW69SM,68,Tyre and Pob mould,Non AMC,Mech,,LOW,,Manikandan,Production,No,ON,,,,,No,,
MLD69MG69SM,SRT mould,ETL-GPD-SRT-MLD,,MLD69MG69SM,69,Tyre and Pob mould,Non AMC,Mech,,LOW,,Manikandan,Production,No,ON,,,,,No,,
MLD70MW69SM,SRT mould,ETL-GPD-SRT-MLD,,MLD70MW69SM,70,Tyre and Pob mould,Non AMC,Mech,,LOW,,Manikandan,Production,No,ON,,,,,No,,
MLD71MS69SM,SRT mould,ETL-GPD-SRT-MLD,,MLD71MS69SM,71,Tyre and Pob mould,Non AMC,Mech,,LOW,,Manikandan,Production,No,ON,,,,,No,,
MLD72MW2189SM,SRT mould,ETL-GPD-SRT-MLD,,MLD72MW2189SM,72,Tyre and Pob mould,Non AMC,Mech,,LOW,,Manikandan,Production,No,ON,,,,,No,,
MLD73MG2189SM,SRT mould,ETL-GPD-SRT-MLD,,MLD73MG2189SM,73,Tyre and Pob mould,Non AMC,Mech,,LOW,,Manikandan,Production,No,ON,,,,,No,,
MLD74MG65010SM,SRT mould,ETL-GPD-SRT-MLD,,MLD74MG65010SM,74,Tyre and Pob mould,Non AMC,Mech,,LOW,,Manikandan,Production,No,ON,,,,,No,,
MLD75MG65010SM,SRT mould,ETL-GPD-SRT-MLD,,MLD75MG65010SM,75,Tyre and Pob mould,Non AMC,Mech,,LOW,,Manikandan,Production,No,ON,,,,,No,,
MLD76M ZMEO65010SM,SRT mould,ETL-GPD-SRT-MLD,,MLD76M ZMEO65010SM,76,Tyre and Pob mould,Non AMC,Mech,,LOW,,Manikandan,Production,No,ON,,,,,No,,
MLD77M ZMEO65010SM,SRT mould,ETL-GPD-SRT-MLD,,MLD77M ZMEO65010SM,77,Tyre and Pob mould,Non AMC,Mech,,LOW,,Manikandan,Production,No,ON,,,,,No,,
MLD78MY65010SM,SRT mould,ETL-GPD-SRT-MLD,,MLD78MY65010SM,78,Tyre and Pob mould,Non AMC,Mech,,LOW,,Manikandan,Production,No,ON,,,,,No,,
MLD79MY65010SM,SRT mould,ETL-GPD-SRT-MLD,,MLD79MY65010SM,79,Tyre and Pob mould,Non AMC,Mech,,LOW,,Manikandan,Production,No,ON,,,,,No,,
MLD80MY65010SM,SRT mould,ETL-GPD-SRT-MLD,,MLD80MY65010SM,80,Tyre and Pob mould,Non AMC,Mech,,LOW,,Manikandan,Production,No,ON,,,,,No,,
MLD81MY65010SM,SRT mould,ETL-GPD-SRT-MLD,,MLD81MY65010SM,81,Tyre and Pob mould,Non AMC,Mech,,LOW,,Manikandan,Production,No,ON,,,,,No,,
MLD82MY65010SM,SRT mould,ETL-GPD-SRT-MLD,,MLD82MY65010SM,82,Tyre and Pob mould,Non AMC,Mech,,LOW,,Manikandan,Production,No,ON,,,,,No,,
MLD83MY65010SM,SRT mould,ETL-GPD-SRT-MLD,,MLD83MY65010SM,83,Tyre and Pob mould,Non AMC,Mech,,LOW,,Manikandan,Production,No,ON,,,,,No,,
MLD84MY65010SM,SRT mould,ETL-GPD-SRT-MLD,,MLD84MY65010SM,84,Tyre and Pob mould,Non AMC,Mech,,LOW,,Manikandan,Production,No,ON,,,,,No,,
MLD85MY65010SM,SRT mould,ETL-GPD-SRT-MLD,,MLD85MY65010SM,85,Tyre and Pob mould,Non AMC,Mech,,LOW,,Manikandan,Production,No,ON,,,,,No,,
MLD86MG65010SM,SRT mould,ETL-GPD-SRT-MLD,,MLD86MG65010SM,86,Tyre and Pob mould,Non AMC,Mech,,LOW,,Manikandan,Production,No,ON,,,,,No,,
MLD87MG65010SM,SRT mould,ETL-GPD-SRT-MLD,,MLD87MG65010SM,87,Tyre and Pob mould,Non AMC,Mech,,LOW,,Manikandan,Production,No,ON,,,,,No,,
MLD88MG65010SM,SRT mould,ETL-GPD-SRT-MLD,,MLD88MG65010SM,88,Tyre and Pob mould,Non AMC,Mech,,LOW,,Manikandan,Production,No,ON,,,,,No,,
MLD89MW65010SM,SRT mould,ETL-GPD-SRT-MLD,,MLD89MW65010SM,89,Tyre and Pob mould,Non AMC,Mech,,LOW,,Manikandan,Production,No,ON,,,,,No,,
MLD90MG65010SM,SRT mould,ETL-GPD-SRT-MLD,,MLD90MG65010SM,90,Tyre and Pob mould,Non AMC,Mech,,LOW,,Manikandan,Production,No,ON,,,,,No,,
MLD91MG65010SM,SRT mould,ETL-GPD-SRT-MLD,,MLD91MG65010SM,91,Tyre and Pob mould,Non AMC,Mech,,LOW,,Manikandan,Production,No,ON,,,,,No,,
MLD92MG65010SM,SRT mould,ETL-GPD-SRT-MLD,,MLD92MG65010SM,92,Tyre and Pob mould,Non AMC,Mech,,LOW,,Manikandan,Production,No,ON,,,,,No,,
MLD93MW65010SM,SRT mould,ETL-GPD-SRT-MLD,,MLD93MW65010SM,93,Tyre and Pob mould,Non AMC,Mech,,LOW,,Manikandan,Production,No,ON,,,,,No,,
MLD94MW65010SM,SRT mould,ETL-GPD-SRT-MLD,,MLD94MW65010SM,94,Tyre and Pob mould,Non AMC,Mech,,LOW,,Manikandan,Production,No,ON,,,,,No,,
MLD95MW23910SM,SRT mould,ETL-GPD-SRT-MLD,,MLD95MW23910SM,95,Tyre and Pob mould,Non AMC,Mech,,LOW,,Manikandan,Production,No,ON,,,,,No,,
MLD96MY23910SM,SRT mould,ETL-GPD-SRT-MLD,,MLD96MY23910SM,96,Tyre and Pob mould,Non AMC,Mech,,LOW,,Manikandan,Production,No,ON,,,,,No,,
MLD97MY23910SM,SRT mould,ETL-GPD-SRT-MLD,,MLD97MY23910SM,97,Tyre and Pob mould,Non AMC,Mech,,LOW,,Manikandan,Production,No,ON,,,,,No,,
MLD98MY23910SM,SRT mould,ETL-GPD-SRT-MLD,,MLD98MY23910SM,98,Tyre and Pob mould,Non AMC,Mech,,LOW,,Manikandan,Production,No,ON,,,,,No,,
MLD99MG2005010SM,SRT mould,ETL-GPD-SRT-MLD,,MLD99MG2005010SM,99,Tyre and Pob mould,Non AMC,Mech,,LOW,,Manikandan,Production,No,ON,,,,,No,,
MLDBR65010060SM01,SRT mould,ETL-GPD-SRT-MLD,,MLDBR65010060SM01,15,Pad and Buffer ring mould,Non AMC,Mech,,LOW,,Manikandan,Production,No,ON,,,,,No,,
MLDBR7589027SM01,SRT mould,ETL-GPD-SRT-MLD,,MLDBR7589027SM01,17,Pad and Buffer ring mould,Non AMC,Mech,,LOW,,Manikandan,Production,No,ON,,,,,No,,
MLDBR7589027SM02,SRT mould,ETL-GPD-SRT-MLD,,MLDBR7589027SM02,18,Pad and Buffer ring mould,Non AMC,Mech,,LOW,,Manikandan,Production,No,ON,,,,,No,,
MLDBR79011055SM01,SRT mould,ETL-GPD-SRT-MLD,,MLDBR79011055SM01,16,Pad and Buffer ring mould,Non AMC,Mech,,LOW,,Manikandan,Production,No,ON,,,,,No,,
MLDBR79812527SM01,SRT mould,ETL-GPD-SRT-MLD,,MLDBR79812527SM01,19,Pad and Buffer ring mould,Non AMC,Mech,,LOW,,Manikandan,Production,No,ON,,,,,No,,
MLDG1020SM199,SRT mould,ETL-GPD-SRT-MLD,,MLDG1020SM199,199,Tyre and Pob mould,Non AMC,Mech,,LOW,,Manikandan,Production,No,ON,,,,,No,,
MLDG1220SM196,SRT mould,ETL-GPD-SRT-MLD,,MLDG1220SM196,196,Tyre and Pob mould,Non AMC,Mech,,LOW,,Manikandan,Production,No,ON,,,,,No,,
MLDG1220SM197,SRT mould,ETL-GPD-SRT-MLD,,MLDG1220SM197,197,Tyre and Pob mould,Non AMC,Mech,,LOW,,Manikandan,Production,No,ON,,,,,No,,
MLDG1668SM201,SRT mould,ETL-GPD-SRT-MLD,,MLDG1668SM201,201,Tyre and Pob mould,Non AMC,Mech,,LOW,,Manikandan,Production,No,ON,,,,,No,,
MLDG1878SM204,SRT mould,ETL-GPD-SRT-MLD,,MLDG1878SM204,204,Tyre and Pob mould,Non AMC,Mech,,LOW,,Manikandan,Production,No,ON,,,,,No,,
MLDG1878SM205,SRT mould,ETL-GPD-SRT-MLD,,MLDG1878SM205,205,Tyre and Pob mould,Non AMC,Mech,,LOW,,Manikandan,Production,No,ON,,,,,No,,
MLDG2005010SM214,SRT mould,ETL-GPD-SRT-MLD,,MLDG2005010SM214,214,Tyre and Pob mould,Non AMC,Mech,,LOW,,Manikandan,Production,No,ON,,,,,No,,
MLDG231012SM209,SRT mould,ETL-GPD-SRT-MLD,,MLDG231012SM209,209,Tyre and Pob mould,Non AMC,Mech,,LOW,,Manikandan,Production,No,ON,,,,,No,,
MLDG23910SM189,SRT mould,ETL-GPD-SRT-MLD,,MLDG23910SM189,189,Tyre and Pob mould,Non AMC,Mech,,LOW,,Manikandan,Production,No,ON,,,,,No,,
MLDG23910SM207,SRT mould,ETL-GPD-SRT-MLD,,MLDG23910SM207,207,Tyre and Pob mould,Non AMC,Mech,,LOW,,Manikandan,Production,No,ON,,,,,No,,
MLDG23910SM208,SRT mould,ETL-GPD-SRT-MLD,,MLDG23910SM208,208,Tyre and Pob mould,Non AMC,Mech,,LOW,,Manikandan,Production,No,ON,,,,,No,,
MLDG25015SM193,SRT mould,ETL-GPD-SRT-MLD,,MLDG25015SM193,193,Tyre and Pob mould,Non AMC,Mech,,LOW,,Manikandan,Production,No,ON,,,,,No,,
MLDG25015SM231,SRT mould,ETL-GPD-SRT-MLD,,MLDG25015SM231,231,Tyre and Pob mould,Non AMC,Mech,,LOW,,Manikandan,Production,No,ON,,,,,No,,
MLDG271012SM211,SRT mould,ETL-GPD-SRT-MLD,,MLDG271012SM211,211,Tyre and Pob mould,Non AMC,Mech,,LOW,,Manikandan,Production,No,ON,,,,,No,,
MLDG2812515SM215,SRT mould,ETL-GPD-SRT-MLD,,MLDG2812515SM215,215,Tyre and Pob mould,Non AMC,Mech,,LOW,,Manikandan,Production,No,ON,,,,,No,,
MLDG30015SM195,SRT mould,ETL-GPD-SRT-MLD,,MLDG30015SM195,195,Tyre and Pob mould,Non AMC,Mech,,LOW,,Manikandan,Production,No,ON,,,,,No,,
MLDG3556515SM216 [32x12.1-15],SRT mould,ETL-GPD-SRT-MLD,,MLDG3556515SM216 [32x12,216,Tyre and Pob mould,Non AMC,Mech,,LOW,,Manikandan,Production,No,ON,,,,,No,,
MLDG65010SM221,SRT mould,ETL-GPD-SRT-MLD,,MLDG65010SM221,221,Tyre and Pob mould,Non AMC,Mech,,LOW,,Manikandan,Production,No,ON,,,,,No,,
MLDG65010SM222,SRT mould,ETL-GPD-SRT-MLD,,MLDG65010SM222,222,Tyre and Pob mould,Non AMC,Mech,,LOW,,Manikandan,Production,No,ON,,,,,No,,
MLDG69SM218,SRT mould,ETL-GPD-SRT-MLD,,MLDG69SM218,218,Tyre and Pob mould,Non AMC,Mech,,LOW,,Manikandan,Production,No,ON,,,,,No,,
MLDG69SM220,SRT mould,ETL-GPD-SRT-MLD,,MLDG69SM220,220,Tyre and Pob mould,Non AMC,Mech,,LOW,,Manikandan,Production,No,ON,,,,,No,,
MLDG712SM223,SRT mould,ETL-GPD-SRT-MLD,,MLDG712SM223,223,Tyre and Pob mould,Non AMC,Mech,,LOW,,Manikandan,Production,No,ON,,,,,No,,
MLDG712SM224,SRT mould,ETL-GPD-SRT-MLD,,MLDG712SM224,224,Tyre and Pob mould,Non AMC,Mech,,LOW,,Manikandan,Production,No,ON,,,,,No,,
MLDG712SM225,SRT mould,ETL-GPD-SRT-MLD,,MLDG712SM225,225,Tyre and Pob mould,Non AMC,Mech,,LOW,,Manikandan,Production,No,ON,,,,,No,,
MLDG712SM226,SRT mould,ETL-GPD-SRT-MLD,,MLDG712SM226,226,Tyre and Pob mould,Non AMC,Mech,,LOW,,Manikandan,Production,No,ON,,,,,No,,
MLDG712SM227,SRT mould,ETL-GPD-SRT-MLD,,MLDG712SM227,227,Tyre and Pob mould,Non AMC,Mech,,LOW,,Manikandan,Production,No,ON,,,,,No,,
MLDG715SM190,SRT mould,ETL-GPD-SRT-MLD,,MLDG715SM190,190,Tyre and Pob mould,Non AMC,Mech,,LOW,,Manikandan,Production,No,ON,,,,,No,,
MLDG75015SM228,SRT mould,ETL-GPD-SRT-MLD,,MLDG75015SM228,228,Tyre and Pob mould,Non AMC,Mech,,LOW,,Manikandan,Production,No,ON,,,,,No,,
MLDG75016SM232,SRT mould,ETL-GPD-SRT-MLD,,MLDG75016SM232,232,Tyre and Pob mould,Non AMC,Mech,,LOW,,Manikandan,Production,No,ON,,,,,No,,
MLDG82515SM192,SRT mould,ETL-GPD-SRT-MLD,,MLDG82515SM192,192,Tyre and Pob mould,Non AMC,Mech,,LOW,,Manikandan,Production,No,ON,,,,,No,,
MLDG82515SM233,SRT mould,ETL-GPD-SRT-MLD,,MLDG82515SM233,233,Tyre and Pob mould,Non AMC,Mech,,LOW,,Manikandan,Production,No,ON,,,,,No,,
MLDMR380100295SM410,SRT mould,ETL-GPD-SRT-MLD,,MLDMR380100295SM410,410,Tyre and Pob mould,Non AMC,Mech,,LOW,,Manikandan,Production,No,ON,,,,,No,,
MLDPAD100010520SM01,SRT mould,ETL-GPD-SRT-MLD,,MLDPAD100010520SM01,21,Pad and Buffer ring mould,Non AMC,Mech,,LOW,,Manikandan,Production,No,ON,,,,,No,,
MLDPAD57510015SM01,SRT mould,ETL-GPD-SRT-MLD,,MLDPAD57510015SM01,20,Pad and Buffer ring mould,Non AMC,Mech,,LOW,,Manikandan,Production,No,ON,,,,,No,,
MLDPAD5806930SM01,SRT mould,ETL-GPD-SRT-MLD,,MLDPAD5806930SM01,9,Pad and Buffer ring mould,Non AMC,Mech,,LOW,,Manikandan,Production,No,ON,,,,,No,,
MLDPAD5806930SM02,SRT mould,ETL-GPD-SRT-MLD,,MLDPAD5806930SM02,12,Pad and Buffer ring mould,Non AMC,Mech,,LOW,,Manikandan,Production,No,ON,,,,,No,,
MLDPAD78011024SM01,SRT mould,ETL-GPD-SRT-MLD,,MLDPAD78011024SM01,24,Pad and Buffer ring mould,Non AMC,Mech,,LOW,,Manikandan,Production,No,ON,,,,,No,,
MLDPAD78011024SM02,SRT mould,ETL-GPD-SRT-MLD,,MLDPAD78011024SM02,25,Pad and Buffer ring mould,Non AMC,Mech,,LOW,,Manikandan,Production,No,ON,,,,,No,,
MLDPAD79011055SM01,SRT mould,ETL-GPD-SRT-MLD,,MLDPAD79011055SM01,10,Pad and Buffer ring mould,Non AMC,Mech,,LOW,,Manikandan,Production,No,ON,,,,,No,,
MLDPAD80010821SM01,SRT mould,ETL-GPD-SRT-MLD,,MLDPAD80010821SM01,11,Pad and Buffer ring mould,Non AMC,Mech,,LOW,,Manikandan,Production,No,ON,,,,,No,,
MLDPAD80010821SM02,SRT mould,ETL-GPD-SRT-MLD,,MLDPAD80010821SM02,5,Pad and Buffer ring mould,Non AMC,Mech,,LOW,,Manikandan,Production,No,ON,,,,,No,,
MLDPAD80011024SM01,SRT mould,ETL-GPD-SRT-MLD,,MLDPAD80011024SM01,22,Pad and Buffer ring mould,Non AMC,Mech,,LOW,,Manikandan,Production,No,ON,,,,,No,,
MLDPAD80011024SM02,SRT mould,ETL-GPD-SRT-MLD,,MLDPAD80011024SM02,23,Pad and Buffer ring mould,Non AMC,Mech,,LOW,,Manikandan,Production,No,ON,,,,,No,,
MLDPAD80012020SM01,SRT mould,ETL-GPD-SRT-MLD,,MLDPAD80012020SM01,1,Pad and Buffer ring mould,Non AMC,Mech,,LOW,,Manikandan,Production,No,ON,,,,,No,,
MLDPAD80012020SM02,SRT mould,ETL-GPD-SRT-MLD,,MLDPAD80012020SM02,2,Pad and Buffer ring mould,Non AMC,Mech,,LOW,,Manikandan,Production,No,ON,,,,,No,,
MLDPAD80012020SM03,SRT mould,ETL-GPD-SRT-MLD,,MLDPAD80012020SM03,3,Pad and Buffer ring mould,Non AMC,Mech,,LOW,,Manikandan,Production,No,ON,,,,,No,,
MLDPAD80012020SM04,SRT mould,ETL-GPD-SRT-MLD,,MLDPAD80012020SM04,4,Pad and Buffer ring mould,Non AMC,Mech,,LOW,,Manikandan,Production,No,ON,,,,,No,,
MLDPAD81510017SM01,SRT mould,ETL-GPD-SRT-MLD,,MLDPAD81510017SM01,7,Pad and Buffer ring mould,Non AMC,Mech,,LOW,,Manikandan,Production,No,ON,,,,,No,,
MLDPAD81510017SM02,SRT mould,ETL-GPD-SRT-MLD,,MLDPAD81510017SM02,13,Pad and Buffer ring mould,Non AMC,Mech,,LOW,,Manikandan,Production,No,ON,,,,,No,,
MLDPAD81510024SM01,SRT mould,ETL-GPD-SRT-MLD,,MLDPAD81510024SM01,26,Pad and Buffer ring mould,Non AMC,Mech,,LOW,,Manikandan,Production,No,ON,,,,,No,,
MLDPAD81510024SM02,SRT mould,ETL-GPD-SRT-MLD,,MLDPAD81510024SM02,27,Pad and Buffer ring mould,Non AMC,Mech,,LOW,,Manikandan,Production,No,ON,,,,,No,,
MLDPAD82010020SM01,SRT mould,ETL-GPD-SRT-MLD,,MLDPAD82010020SM01,6,Pad and Buffer ring mould,Non AMC,Mech,,LOW,,Manikandan,Production,No,ON,,,,,No,,
MLDPJ21715SM356,SRT mould,ETL-GPD-SRT-MLD,,MLDPJ21715SM356,356,Tyre and Pob mould,Non AMC,Mech,,LOW,,Manikandan,Production,No,ON,,,,,No,,
MLDPM104614SM302,SRT mould,ETL-GPD-SRT-MLD,,MLDPM104614SM302,302,Tyre and Pob mould,Non AMC,Mech,,LOW,,Manikandan,Production,No,ON,,,,,No,,
MLDPM133128SM304,SRT mould,ETL-GPD-SRT-MLD,,MLDPM133128SM304,304,Tyre and Pob mould,Non AMC,Mech,,LOW,,Manikandan,Production,No,ON,,,,,No,,
MLDPM14510M412,SRT mould,ETL-GPD-SRT-MLD,,MLDPM14510M412,412,Tyre and Pob mould,Non AMC,Mech,,LOW,,Manikandan,Production,No,ON,,,,,No,,
MLDPM161451114SM309,SRT mould,ETL-GPD-SRT-MLD,,MLDPM161451114SM309,309,Tyre and Pob mould,Non AMC,Mech,,LOW,,Manikandan,Production,No,ON,,,,,No,,
MLDPM161461114SM310,SRT mould,ETL-GPD-SRT-MLD,,MLDPM161461114SM310,310,Tyre and Pob mould,Non AMC,Mech,,LOW,,Manikandan,Production,No,ON,,,,,No,,
MLDPM1651012SM306,SRT mould,ETL-GPD-SRT-MLD,,MLDPM1651012SM306,306,Tyre and Pob mould,Non AMC,Mech,,LOW,,Manikandan,Production,No,ON,,,,,No,,
MLDPM1661012SM307,SRT mould,ETL-GPD-SRT-MLD,,MLDPM1661012SM307,307,Tyre and Pob mould,Non AMC,Mech,,LOW,,Manikandan,Production,No,ON,,,,,No,,
MLDPM171451114SM319,SRT mould,ETL-GPD-SRT-MLD,,MLDPM171451114SM319,319,Tyre and Pob mould,Non AMC,Mech,,LOW,,Manikandan,Production,No,ON,,,,,No,,
MLDPM1851218SM311,SRT mould,ETL-GPD-SRT-MLD,,MLDPM1851218SM311,311,Tyre and Pob mould,Non AMC,Mech,,LOW,,Manikandan,Production,No,ON,,,,,No,,
MLDPM1851218SM312,SRT mould,ETL-GPD-SRT-MLD,,MLDPM1851218SM312,312,Tyre and Pob mould,Non AMC,Mech,,LOW,,Manikandan,Production,No,ON,,,,,No,,
MLDPM18812 18SM314,SRT mould,ETL-GPD-SRT-MLD,,MLDPM18812 18SM314,314,Tyre and Pob mould,Non AMC,Mech,,LOW,,Manikandan,Production,No,ON,,,,,No,,
MLDPM1881218SM313,SRT mould,ETL-GPD-SRT-MLD,,MLDPM1881218SM313,313,Tyre and Pob mould,Non AMC,Mech,,LOW,,Manikandan,Production,No,ON,,,,,No,,
MLDPM21515SM316,SRT mould,ETL-GPD-SRT-MLD,,MLDPM21515SM316,316,Tyre and Pob mould,Non AMC,Mech,,LOW,,Manikandan,Production,No,ON,,,,,No,,
MLDPM21715SM315,SRT mould,ETL-GPD-SRT-MLD,,MLDPM21715SM315,315,Tyre and Pob mould,Non AMC,Mech,,LOW,,Manikandan,Production,No,ON,,,,,No,,
MLDPM22616SM318,SRT mould,ETL-GPD-SRT-MLD,,MLDPM22616SM318,318,Tyre and Pob mould,Non AMC,Mech,,LOW,,Manikandan,Production,No,ON,,,,,No,,
MLDPM281222SM321,SRT mould,ETL-GPD-SRT-MLD,,MLDPM281222SM321,321,Tyre and Pob mould,Non AMC,Mech,,LOW,,Manikandan,Production,No,ON,,,,,No,,
MLDPM425300305SM402,SRT mould,ETL-GPD-SRT-MLD,,MLDPM425300305SM402,402,Tyre and Pob mould,Non AMC,Mech,,LOW,,Manikandan,Production,No,ON,,,,,No,,
MLDPM580340406SM322,SRT mould,ETL-GPD-SRT-MLD,,MLDPM580340406SM322,322,Tyre and Pob mould,Non AMC,Mech,,LOW,,Manikandan,Production,No,ON,,,,,No,,
MLDPR20416SM303,SRT mould,ETL-GPD-SRT-MLD,,MLDPR20416SM303,303,Tyre and Pob mould,Non AMC,Mech,,LOW,,Manikandan,Production,No,ON,,,,,No,,
MLDPS105614SM345,SRT mould,ETL-GPD-SRT-MLD,,MLDPS105614SM345,345,Tyre and Pob mould,Non AMC,Mech,,LOW,,Manikandan,Production,No,ON,,,,,No,,
MLDPS1258SM388,SRT mould,ETL-GPD-SRT-MLD,,MLDPS1258SM388,388,Tyre and Pob mould,Non AMC,Mech,,LOW,,Manikandan,Production,No,ON,,,,,No,,
MLDPS13125128SM348,SRT mould,ETL-GPD-SRT-MLD,,MLDPS13125128SM348,348,Tyre and Pob mould,Non AMC,Mech,,LOW,,Manikandan,Production,No,ON,,,,,No,,
MLDPS1338SM301,SRT mould,ETL-GPD-SRT-MLD,,MLDPS1338SM301,301,Tyre and Pob mould,Non AMC,Mech,,LOW,,Manikandan,Production,No,ON,,,,,No,,
MLDPS144128SM338,SRT mould,ETL-GPD-SRT-MLD,,MLDPS144128SM338,338,Tyre and Pob mould,Non AMC,Mech,,LOW,,Manikandan,Production,No,ON,,,,,No,,
MLDPS14510SM344,SRT mould,ETL-GPD-SRT-MLD,,MLDPS14510SM344,344,Tyre and Pob mould,Non AMC,Mech,,LOW,,Manikandan,Production,No,ON,,,,,No,,
MLDPS1512510SM325,SRT mould,ETL-GPD-SRT-MLD,,MLDPS1512510SM325,325,Tyre and Pob mould,Non AMC,Mech,,LOW,,Manikandan,Production,No,ON,,,,,No,,
MLDPS161451114SM308,SRT mould,ETL-GPD-SRT-MLD,,MLDPS161451114SM308,308,Tyre and Pob mould,Non AMC,Mech,,LOW,,Manikandan,Production,No,ON,,,,,No,,
MLDPS1651012SM347,SRT mould,ETL-GPD-SRT-MLD,,MLDPS1651012SM347,347,Tyre and Pob mould,Non AMC,Mech,,LOW,,Manikandan,Production,No,ON,,,,,No,,
MLDPS1851218SM332,SRT mould,ETL-GPD-SRT-MLD,,MLDPS1851218SM332,332,Tyre and Pob mould,Non AMC,Mech,,LOW,,Manikandan,Production,No,ON,,,,,No,,
MLDPS1881218SM334,SRT mould,ETL-GPD-SRT-MLD,,MLDPS1881218SM334,334,Tyre and Pob mould,Non AMC,Mech,,LOW,,Manikandan,Production,No,ON,,,,,No,,
MLDPS21715SM324,SRT mould,ETL-GPD-SRT-MLD,,MLDPS21715SM324,324,Tyre and Pob mould,Non AMC,Mech,,LOW,,Manikandan,Production,No,ON,,,,,No,,
MLDPS21715SM346,SRT mould,ETL-GPD-SRT-MLD,,MLDPS21715SM346,346,Tyre and Pob mould,Non AMC,Mech,,LOW,,Manikandan,Production,No,ON,,,,,No,,
MLDPS221216SM349,SRT mould,ETL-GPD-SRT-MLD,,MLDPS221216SM349,349,Tyre and Pob mould,Non AMC,Mech,,LOW,,Manikandan,Production,No,ON,,,,,No,,
MLDPS221216SM350,SRT mould,ETL-GPD-SRT-MLD,,MLDPS221216SM350,350,Tyre and Pob mould,Non AMC,Mech,,LOW,,Manikandan,Production,No,ON,,,,,No,,
MLDPS221216SM351,SRT mould,ETL-GPD-SRT-MLD,,MLDPS221216SM351,351,Tyre and Pob mould,Non AMC,Mech,,LOW,,Manikandan,Production,No,ON,,,,,No,,
MLDPS221216SM392,SRT mould,ETL-GPD-SRT-MLD,,MLDPS221216SM392,392,Tyre and Pob mould,Non AMC,Mech,,LOW,,Manikandan,Production,No,ON,,,,,No,,
MLDPS221216SM393,SRT mould,ETL-GPD-SRT-MLD,,MLDPS221216SM393,393,Tyre and Pob mould,Non AMC,Mech,,LOW,,Manikandan,Production,No,ON,,,,,No,,
MLDPS221216SM394,SRT mould,ETL-GPD-SRT-MLD,,MLDPS221216SM394,394,Tyre and Pob mould,Non AMC,Mech,,LOW,,Manikandan,Production,No,ON,,,,,No,,
MLDPS221416SM353,SRT mould,ETL-GPD-SRT-MLD,,MLDPS221416SM353,353,Tyre and Pob mould,Non AMC,Mech,,LOW,,Manikandan,Production,No,ON,,,,,No,,
MLDPS221616SM352,SRT mould,ETL-GPD-SRT-MLD,,MLDPS221616SM352,352,Tyre and Pob mould,Non AMC,Mech,,LOW,,Manikandan,Production,No,ON,,,,,No,,
MLDPS22816SM327,SRT mould,ETL-GPD-SRT-MLD,,MLDPS22816SM327,327,Tyre and Pob mould,Non AMC,Mech,,LOW,,Manikandan,Production,No,ON,,,,,No,,
MLDPS230127SM390,SRT mould,ETL-GPD-SRT-MLD,,MLDPS230127SM390,390,Tyre and Pob mould,Non AMC,Mech,,LOW,,Manikandan,Production,No,ON,,,,,No,,
MLDPS246101SM399,SRT mould,ETL-GPD-SRT-MLD,,MLDPS246101SM399,399,Tyre and Pob mould,Non AMC,Mech,,LOW,,Manikandan,Production,No,ON,,,,,No,,
MLDPS25090170SM339,SRT mould,ETL-GPD-SRT-MLD,,MLDPS25090170SM339,339,Tyre and Pob mould,Non AMC,Mech,,LOW,,Manikandan,Production,No,ON,,,,,No,,
MLDPS26520SM320,SRT mould,ETL-GPD-SRT-MLD,,MLDPS26520SM320,320,Tyre and Pob mould,Non AMC,Mech,,LOW,,Manikandan,Production,No,ON,,,,,No,,
MLDPS281222SM355,SRT mould,ETL-GPD-SRT-MLD,,MLDPS281222SM355,355,Tyre and Pob mould,Non AMC,Mech,,LOW,,Manikandan,Production,No,ON,,,,,No,,
MLDPS300100203SM389,SRT mould,ETL-GPD-SRT-MLD,,MLDPS300100203SM389,389,Tyre and Pob mould,Non AMC,Mech,,LOW,,Manikandan,Production,No,ON,,,,,No,,
MLDPS30075240SM340,SRT mould,ETL-GPD-SRT-MLD,,MLDPS30075240SM340,340,Tyre and Pob mould,Non AMC,Mech,,LOW,,Manikandan,Production,No,ON,,,,,No,,
MLDPS30075240SM397,SRT mould,ETL-GPD-SRT-MLD,,MLDPS30075240SM397,397,Tyre and Pob mould,Non AMC,Mech,,LOW,,Manikandan,Production,No,ON,,,,,No,,
MLDPS30075240SM398,SRT mould,ETL-GPD-SRT-MLD,,MLDPS30075240SM398,398,Tyre and Pob mould,Non AMC,Mech,,LOW,,Manikandan,Production,No,ON,,,,,No,,
MLDPS401630SM403,SRT mould,ETL-GPD-SRT-MLD,,MLDPS401630SM403,403,Tyre and Pob mould,Non AMC,Mech,,LOW,,Manikandan,Production,No,ON,,,,,No,,
MLDPS405100305SM305,SRT mould,ETL-GPD-SRT-MLD,,MLDPS405100305SM305,305,Tyre and Pob mould,Non AMC,Mech,,LOW,,Manikandan,Production,No,ON,,,,,No,,
MLDPS425150305SM317,SRT mould,ETL-GPD-SRT-MLD,,MLDPS425150305SM317,317,Tyre and Pob mould,Non AMC,Mech,,LOW,,Manikandan,Production,No,ON,,,,,No,,
MLDPS450300305SM323,SRT mould,ETL-GPD-SRT-MLD,,MLDPS450300305SM323,323,Tyre and Pob mould,Non AMC,Mech,,LOW,,Manikandan,Production,No,ON,,,,,No,,
MLDPS470270SM336,SRT mould,ETL-GPD-SRT-MLD,,MLDPS470270SM336,336,Tyre and Pob mould,Non AMC,Mech,,LOW,,Manikandan,Production,No,ON,,,,,No,,
MLDPS500280SM337,SRT mould,ETL-GPD-SRT-MLD,,MLDPS500280SM337,337,Tyre and Pob mould,Non AMC,Mech,,LOW,,Manikandan,Production,No,ON,,,,,No,,
MLDPS550160410SM354,SRT mould,ETL-GPD-SRT-MLD,,MLDPS550160410SM354,354,Tyre and Pob mould,Non AMC,Mech,,LOW,,Manikandan,Production,No,ON,,,,,No,,
MLDPS620420480SM400,SRT mould,ETL-GPD-SRT-MLD,,MLDPS620420480SM400,400,Tyre and Pob mould,Non AMC,Mech,,LOW,,Manikandan,Production,No,ON,,,,,No,,
MLDPS620420480SM401,SRT mould,ETL-GPD-SRT-MLD,,MLDPS620420480SM401,401,Tyre and Pob mould,Non AMC,Mech,,LOW,,Manikandan,Production,No,ON,,,,,No,,
MLDPS645200480SM357,SRT mould,ETL-GPD-SRT-MLD,,MLDPS645200480SM357,357,Tyre and Pob mould,Non AMC,Mech,,LOW,,Manikandan,Production,No,ON,,,,,No,,
MLDPS645250480SM342,SRT mould,ETL-GPD-SRT-MLD,,MLDPS645250480SM342,342,Tyre and Pob mould,Non AMC,Mech,,LOW,,Manikandan,Production,No,ON,,,,,No,,
MLDPS680300470SM411,SRT mould,ETL-GPD-SRT-MLD,,MLDPS680300470SM411,411,Tyre and Pob mould,Non AMC,Mech,,LOW,,Manikandan,Production,No,ON,,,,,No,,
MLDPS760250500SM409,SRT mould,ETL-GPD-SRT-MLD,,MLDPS760250500SM409,409,Tyre and Pob mould,Non AMC,Mech,,LOW,,Manikandan,Production,No,ON,,,,,No,,
MLDPS840305559SM413,SRT mould,ETL-GPD-SRT-MLD,,MLDPS840305559SM413,413,Tyre and Pob mould,Non AMC,Mech,,LOW,,Manikandan,Production,No,ON,,,,,No,,
MLDPS8544SM341,SRT mould,ETL-GPD-SRT-MLD,,MLDPS8544SM341,341,Tyre and Pob mould,Non AMC,Mech,,LOW,,Manikandan,Production,No,ON,,,,,No,,
MLDPS920240670SM343,SRT mould,ETL-GPD-SRT-MLD,,MLDPS920240670SM343,343,Tyre and Pob mould,Non AMC,Mech,,LOW,,Manikandan,Production,No,ON,,,,,No,,
MLDW1220SM198,SRT mould,ETL-GPD-SRT-MLD,,MLDW1220SM198,198,Tyre and Pob mould,Non AMC,Mech,,LOW,,Manikandan,Production,No,ON,,,,,No,,
MLDW154128SM200,SRT mould,ETL-GPD-SRT-MLD,,MLDW154128SM200,200,Tyre and Pob mould,Non AMC,Mech,,LOW,,Manikandan,Production,No,ON,,,,,No,,
MLDW1668SM202,SRT mould,ETL-GPD-SRT-MLD,,MLDW1668SM202,202,Tyre and Pob mould,Non AMC,Mech,,LOW,,Manikandan,Production,No,ON,,,,,No,,
MLDW1878SM203,SRT mould,ETL-GPD-SRT-MLD,,MLDW1878SM203,203,Tyre and Pob mould,Non AMC,Mech,,LOW,,Manikandan,Production,No,ON,,,,,No,,
MLDW2005010SM213,SRT mould,ETL-GPD-SRT-MLD,,MLDW2005010SM213,213,Tyre and Pob mould,Non AMC,Mech,,LOW,,Manikandan,Production,No,ON,,,,,No,,
MLDW231012SM210,SRT mould,ETL-GPD-SRT-MLD,,MLDW231012SM210,210,Tyre and Pob mould,Non AMC,Mech,,LOW,,Manikandan,Production,No,ON,,,,,No,,
MLDW23910SM206,SRT mould,ETL-GPD-SRT-MLD,,MLDW23910SM206,206,Tyre and Pob mould,Non AMC,Mech,,LOW,,Manikandan,Production,No,ON,,,,,No,,
MLDW271012SM212,SRT mould,ETL-GPD-SRT-MLD,,MLDW271012SM212,212,Tyre and Pob mould,Non AMC,Mech,,LOW,,Manikandan,Production,No,ON,,,,,No,,
MLDW30015SM194,SRT mould,ETL-GPD-SRT-MLD,,MLDW30015SM194,194,Tyre and Pob mould,Non AMC,Mech,,LOW,,Manikandan,Production,No,ON,,,,,No,,
MLDW58SM217,SRT mould,ETL-GPD-SRT-MLD,,MLDW58SM217,217,Tyre and Pob mould,Non AMC,Mech,,LOW,,Manikandan,Production,No,ON,,,,,No,,
MLDW69SM219,SRT mould,ETL-GPD-SRT-MLD,,MLDW69SM219,219,Tyre and Pob mould,Non AMC,Mech,,LOW,,Manikandan,Production,No,ON,,,,,No,,
MLDW75015SM229,SRT mould,ETL-GPD-SRT-MLD,,MLDW75015SM229,229,Tyre and Pob mould,Non AMC,Mech,,LOW,,Manikandan,Production,No,ON,,,,,No,,
MLDW81515SM230,SRT mould,ETL-GPD-SRT-MLD,,MLDW81515SM230,230,Tyre and Pob mould,Non AMC,Mech,,LOW,,Manikandan,Production,No,ON,,,,,No,,
MLDW82515SM191,SRT mould,ETL-GPD-SRT-MLD,,MLDW82515SM191,191,Tyre and Pob mould,Non AMC,Mech,,LOW,,Manikandan,Production,No,ON,,,,,No,,
MOONEY VISCOMETER,Instruments LAB,ETL-GPD-LAB-MIS,,MOOVISLE01,MOONEY VISCOMETER,Instruments,Non AMC,Instrument,,HIGH,,Admin,Non production,Yes,ON,,,,,No,,
MOTOR - COLD WATER PM ATTACHMENT,IndustrialPneumaticTyres,ETL-GPD-IPT,,COLWAT02P-ATT,MOTOR - COLD WATER PM ATTACHMENT,Motor,Others,Mech-Elec,,HIGH,,Nimeesh NP,Production,No,ON,,,,,No,,
MOULD  188 - 400 x 75 - 8 SMOOTH PATTERN SRT,SRT mould,ETL-GPD-SRT-MLD,,MLD1884758S,MOULD  188 - 400 x 75 - 8 SMOOTH PATTERN SRT,Mould,Non AMC,Mechanical,,HIGH,,Manikandan,Production,Yes,ON,,,,,No,,
MOULD 01 -  9.00 / 10.00 - 20 FLAP,SRT mould,ETL-GPD-SRT-MLD,,MLD01900100020F,MOULD 01 -  9.00 / 10.00 - 20 FLAP,Mould,Non AMC,Mechanical,,HIGH,,Manikandan,Production,Yes,ON,,,,,No,,
MOULD 01 - 11.00 / 12.00 / 13.00 - 24 FLAP,SRT mould,ETL-GPD-SRT-MLD,,MLD011101200130024F,MOULD 01 - 11.00 / 12.00 / 13.00 - 24 FLAP,Mould,Non AMC,Mechanical,,HIGH,,Manikandan,Production,Yes,ON,,,,,No,,
MOULD 01 - 3.50 x 4 - RIB PATTERN SRT,SRT mould,ETL-GPD-SRT-MLD,,MLD01R3504S,MOULD 01 - 3.50 x 4 - RIB PATTERN SRT,Mould,Non AMC,Mechanical,,HIGH,,Manikandan,Production,Yes,ON,,,,,No,,
MOULD 01 - 575 x 100 x 15 RUBBER PAD SRT,SRT mould,ETL-GPD-SRT-MLD,,MLD01RPAD57510015S,MOULD 01 - 575 x 100 x 15 RUBBER PAD SRT,Mould,Non AMC,Mechanical,,HIGH,,Manikandan,Production,Yes,ON,,,,,No,,
MOULD 01 - 580 x 69 x 30 RUBBER PAD SRT,SRT mould,ETL-GPD-SRT-MLD,,MLD01RPAD5806930S,MOULD 01 - 580 x 69 x 30 RUBBER PAD SRT,Mould,Non AMC,Mechanical,,HIGH,,Manikandan,Production,Yes,ON,,,,,No,,
MOULD 01 - 7.00 / 7.50 / 8.25 - 15 FLAP,SRT mould,ETL-GPD-SRT-MLD,,MLD0170075082515F,MOULD 01 - 7.00 / 7.50 / 8.25 - 15 FLAP,Mould,Non AMC,Mechanical,,HIGH,,Manikandan,Production,Yes,ON,,,,,No,,
MOULD 01 - 7.00 / 7.50 / 8.25 / 9.00 - 16 FLAP,SRT mould,ETL-GPD-SRT-MLD,,MLD0170075082590016F,MOULD 01 - 7.00 / 7.50 / 8.25 / 9.00 - 16 FLAP,Mould,Non AMC,Mechanical,,HIGH,,Manikandan,Production,Yes,ON,,,,,No,,
MOULD 01 - 758 x 90 x 27 RUBBER PAD SRT,SRT mould,ETL-GPD-SRT-MLD,,MLD01RPAD7589027S,MOULD 01 - 758 x 90 x 27 RUBBER PAD SRT,Mould,Non AMC,Mechanical,,HIGH,,Manikandan,Production,Yes,ON,,,,,No,,
MOULD 01 - 790 x 110 x 55 RUBBER PAD SRT,SRT mould,ETL-GPD-SRT-MLD,,MLD01RPAD79011055S,MOULD 01 - 790 x 110 x 55 RUBBER PAD SRT,Mould,Non AMC,Mechanical,,HIGH,,Manikandan,Production,Yes,ON,,,,,No,,
MOULD 01 - 798 x 125 x 27 RUBBER PAD SRT,SRT mould,ETL-GPD-SRT-MLD,,MLD01RPAD79812527S,MOULD 01 - 798 x 125 x 27 RUBBER PAD SRT,Mould,Non AMC,Mechanical,,HIGH,,Manikandan,Production,Yes,ON,,,,,No,,
MOULD 01 - 800 x 108 x 21 RUBBER PAD SRT,SRT mould,ETL-GPD-SRT-MLD,,MLD01RPAD80010821S,MOULD 01 - 800 x 108 x 21 RUBBER PAD SRT,Mould,Non AMC,Mechanical,,HIGH,,Manikandan,Production,Yes,ON,,,,,No,,
MOULD 01 - 800 X 120 X 20 RUBBER PAD SRT,SRT mould,ETL-GPD-SRT-MLD,,MLD01RPAD80012020S,MOULD 01 - 800 X 120 X 20 RUBBER PAD SRT,Mould,Non AMC,Mechanical,,HIGH,,Manikandan,Production,Yes,ON,,,,,No,,
MOULD 01 - 815 x 100 x 17 RUBBER PAD SRT,SRT mould,ETL-GPD-SRT-MLD,,MLD01RPAD81510017S,MOULD 01 - 815 x 100 x 17 RUBBER PAD SRT,Mould,Non AMC,Mechanical,,HIGH,,Manikandan,Production,Yes,ON,,,,,No,,
MOULD 01 - 840 x 40 - BUFFER RING SRT,SRT mould,ETL-GPD-SRT-MLD,,MLD01BR84040S,MOULD 01 - 840 x 40 - BUFFER RING SRT,Mould,Non AMC,Mechanical,,HIGH,,Manikandan,Production,Yes,ON,,,,,No,,
MOULD 02 -  9.00 / 10.00 - 20 FLAP,SRT mould,ETL-GPD-SRT-MLD,,MLD02900100020F,MOULD 02 -  9.00 / 10.00 - 20 FLAP,Mould,Non AMC,Mechanical,,HIGH,,Manikandan,Production,Yes,ON,,,,,No,,
MOULD 02 - 11.00 / 12.00 / 13.00 - 24 FLAP,SRT mould,ETL-GPD-SRT-MLD,,MLD021101200130024F,MOULD 02 - 11.00 / 12.00 / 13.00 - 24 FLAP,Mould,Non AMC,Mechanical,,HIGH,,Manikandan,Production,Yes,ON,,,,,No,,
MOULD 02 - 3.50 x 4 - Y PATTERN SRT,SRT mould,ETL-GPD-SRT-MLD,,MLD02Y3504S,MOULD 02 - 3.50 x 4 - Y PATTERN SRT,Mould,Non AMC,Mechanical,,HIGH,,Manikandan,Production,Yes,ON,,,,,No,,
MOULD 02 - 4.00 x 8 - RIB PATTERN SRT,SRT mould,ETL-GPD-SRT-MLD,,MLD238R48S,MOULD 02 - 4.00 x 8 - RIB PATTERN SRT,Mould,Non AMC,Mechanical,,HIGH,,Manikandan,Production,Yes,ON,,,,,No,,
MOULD 02 - 580 x 69 x 30 RUBBER PAD SRT,SRT mould,ETL-GPD-SRT-MLD,,MLD02RPAD5806930S,MOULD 02 - 580 x 69 x 30 RUBBER PAD SRT,Mould,Non AMC,Mechanical,,HIGH,,Manikandan,Production,Yes,ON,,,,,No,,
MOULD 02 - 7.00 / 7.50 / 8.25 / 9.00 - 16 FLAP,SRT mould,ETL-GPD-SRT-MLD,,MLD0270075082590016F,MOULD 02 - 7.00 / 7.50 / 8.25 / 9.00 - 16 FLAP,Mould,Non AMC,Mechanical,,HIGH,,Manikandan,Production,Yes,ON,,,,,No,,
MOULD 02 - 758 x 90 x 27 RUBBER PAD SRT,SRT mould,ETL-GPD-SRT-MLD,,MLD02RPAD7589027S,MOULD 02 - 758 x 90 x 27 RUBBER PAD SRT,Mould,Non AMC,Mechanical,,HIGH,,Manikandan,Production,Yes,ON,,,,,No,,
MOULD 02 - 790 x 110 x 55 RUBBER PAD SRT,SRT mould,ETL-GPD-SRT-MLD,,MLD02RPAD79011055S,MOULD 02 - 790 x 110 x 55 RUBBER PAD SRT,Mould,Non AMC,Mechanical,,HIGH,,Manikandan,Production,Yes,ON,,,,,No,,
MOULD 02 - 798 x 125 x 27 RUBBER PAD SRT,SRT mould,ETL-GPD-SRT-MLD,,MLD02RPAD79812527S,MOULD 02 - 798 x 125 x 27 RUBBER PAD SRT,Mould,Non AMC,Mechanical,,HIGH,,Manikandan,Production,Yes,ON,,,,,No,,
MOULD 02 - 800 X 120 X 20 RUBBER PAD SRT,SRT mould,ETL-GPD-SRT-MLD,,MLD02RPAD80012020S,MOULD 02 - 800 X 120 X 20 RUBBER PAD SRT,Mould,Non AMC,Mechanical,,HIGH,,Manikandan,Production,Yes,ON,,,,,No,,
MOULD 02 - 815 x 100 x 17 RUBBER PAD SRT,SRT mould,ETL-GPD-SRT-MLD,,MLD02RPAD81510017S,MOULD 02 - 815 x 100 x 17 RUBBER PAD SRT,Mould,Non AMC,Mechanical,,HIGH,,Manikandan,Production,Yes,ON,,,,,No,,
MOULD 03 -  9.00 / 10.00 - 20 FLAP,SRT mould,ETL-GPD-SRT-MLD,,MLD03900100020F,MOULD 03 -  9.00 / 10.00 - 20 FLAP,Mould,Non AMC,Mechanical,,HIGH,,Manikandan,Production,Yes,ON,,,,,No,,
MOULD 03 - 4.00 x 4 - RIB PATTERN SRT,SRT mould,ETL-GPD-SRT-MLD,,MLD03R44S,MOULD 03 - 4.00 x 4 - RIB PATTERN SRT,Mould,Non AMC,Mechanical,,HIGH,,Manikandan,Production,Yes,ON,,,,,No,,
MOULD 03 - 800 X 120 X 20 RUBBER PAD SRT,SRT mould,ETL-GPD-SRT-MLD,,MLD03RPAD80012020S,MOULD 03 - 800 X 120 X 20 RUBBER PAD SRT,Mould,Non AMC,Mechanical,,HIGH,,Manikandan,Production,Yes,ON,,,,,No,,
MOULD 04 -  9.00 / 10.00 - 20 FLAP,SRT mould,ETL-GPD-SRT-MLD,,MLD04900100020F,MOULD 04 -  9.00 / 10.00 - 20 FLAP,Mould,Non AMC,Mechanical,,HIGH,,Manikandan,Production,Yes,ON,,,,,No,,
MOULD 04 - 4.00 x 8 - RIB PATTERN SRT,SRT mould,ETL-GPD-SRT-MLD,,MLD04R48S,MOULD 04 - 4.00 x 8 - RIB PATTERN SRT,Mould,Non AMC,Mechanical,,HIGH,,Manikandan,Production,Yes,ON,,,,,No,,
MOULD 04 - 800 X 120 X 20 RUBBER PAD SRT,SRT mould,ETL-GPD-SRT-MLD,,MLD04RPAD80012020S,MOULD 04 - 800 X 120 X 20 RUBBER PAD SRT,Mould,Non AMC,Mechanical,,HIGH,,Manikandan,Production,Yes,ON,,,,,No,,
MOULD 05 - 4.00 x 8 - RIB PATTERN SRT,SRT mould,ETL-GPD-SRT-MLD,,MLD05R48S,MOULD 05 - 4.00 x 8 - RIB PATTERN SRT,Mould,Non AMC,Mechanical,,HIGH,,Manikandan,Production,Yes,OFF,,,,,No,,
MOULD 06 - 4.00 x 8 - RIB PATTERN SRT,SRT mould,ETL-GPD-SRT-MLD,,MLD06R48S,MOULD 06 - 4.00 x 8 - RIB PATTERN SRT,Mould,Non AMC,Mechanical,,HIGH,,Manikandan,Production,Yes,ON,,,,,No,,
MOULD 07 - 4.00 x 8 - RIB PATTERN SRT,SRT mould,ETL-GPD-SRT-MLD,,MLD07R48S,MOULD 07 - 4.00 x 8 - RIB PATTERN SRT,Mould,Non AMC,Mechanical,,HIGH,,Manikandan,Production,Yes,ON,,,,,No,,
MOULD 08 - 4.00 x 8 - RIB PATTERN SRT,SRT mould,ETL-GPD-SRT-MLD,,MLD08R48S,MOULD 08 - 4.00 x 8 - RIB PATTERN SRT,Mould,Non AMC,Mechanical,,HIGH,,Manikandan,Production,Yes,ON,,,,,No,,
MOULD 09 - 4.00 x 8 - RIB PATTERN SRT,SRT mould,ETL-GPD-SRT-MLD,,MLD09R48S,MOULD 09 - 4.00 x 8 - RIB PATTERN SRT,Mould,Non AMC,Mechanical,,HIGH,,Manikandan,Production,Yes,ON,,,,,No,,
MOULD 10 - 4.00 x 8 - RIB PATTERN SRT,SRT mould,ETL-GPD-SRT-MLD,,MLD10R48S,MOULD 10 - 4.00 x 8 - RIB PATTERN SRT,Mould,Non AMC,Mechanical,,HIGH,,Manikandan,Production,Yes,ON,,,,,No,,
MOULD 100 - 200 x 50 - 10 - Y PATTERN SRT,SRT mould,ETL-GPD-SRT-MLD,,MLD100Y2005010S,MOULD 100 - 200 x 50 - 10 - Y PATTERN SRT,Mould,Non AMC,Mechanical,,HIGH,,Manikandan,Production,Yes,ON,,,,,No,,
MOULD 101 - 200 x 50 - 10 - Y PATTERN   SRT,SRT mould,ETL-GPD-SRT-MLD,,MLD101Y2005010S,MOULD 101 - 200 x 50 - 10 - Y PATTERN   SRT,Mould,Non AMC,Mechanical,,HIGH,,Manikandan,Production,Yes,ON,,,,,No,,
MOULD 102 - 7.00 x 12 - Y PATTERN SRT,SRT mould,ETL-GPD-SRT-MLD,,MLD102Y712S,MOULD 102 - 7.00 x 12 - Y PATTERN SRT,Mould,Non AMC,Mechanical,,HIGH,,Manikandan,Production,Yes,ON,,,,,No,,
MOULD 103 - 7.00 x 12 - Y PATTERN SRT,SRT mould,ETL-GPD-SRT-MLD,,MLD103Y712S,MOULD 103 - 7.00 x 12 - Y PATTERN SRT,Mould,Non AMC,Mechanical,,HIGH,,Manikandan,Production,Yes,ON,,,,,No,,
MOULD 104 - 7.00 x 12 - Y PATTERN SRT,SRT mould,ETL-GPD-SRT-MLD,,MLD104Y712S,MOULD 104 - 7.00 x 12 - Y PATTERN SRT,Mould,Non AMC,Mechanical,,HIGH,,Manikandan,Production,Yes,ON,,,,,No,,
MOULD 105 - 7.00 x 12 - Y PATTERN SRT,SRT mould,ETL-GPD-SRT-MLD,,MLD105Y712S,MOULD 105 - 7.00 x 12 - Y PATTERN SRT,Mould,Non AMC,Mechanical,,HIGH,,Manikandan,Production,Yes,ON,,,,,No,,
MOULD 106 - 7.00 x 12 - Y PATTERN SRT,SRT mould,ETL-GPD-SRT-MLD,,MLD106Y712S,MOULD 106 - 7.00 x 12 - Y PATTERN SRT,Mould,Non AMC,Mechanical,,HIGH,,Manikandan,Production,Yes,ON,,,,,No,,
MOULD 107 - 7.00 x 12 - Y PATTERN SRT,SRT mould,ETL-GPD-SRT-MLD,,MLD107Y712S,MOULD 107 - 7.00 x 12 - Y PATTERN SRT,Mould,Non AMC,Mechanical,,HIGH,,Manikandan,Production,Yes,ON,,,,,No,,
MOULD 108 - 7.00 - 12 - Y PATTERN SRT,SRT mould,ETL-GPD-SRT-MLD,,MLD108Y712S,MOULD 108 - 7.00 - 12 - Y PATTERN SRT,Mould,Non AMC,Mechanical,,HIGH,,Manikandan,Production,Yes,ON,,,,,No,,
MOULD 109 - 7.00 x 12 - G PATTERN SRT,SRT mould,ETL-GPD-SRT-MLD,,MLD109G712S,MOULD 109 - 7.00 x 12 - G PATTERN SRT,Mould,Non AMC,Mechanical,,HIGH,,Manikandan,Production,Yes,ON,,,,,No,,
MOULD 11 - 4.00 x 8 - RIB PATTERN SRT,SRT mould,ETL-GPD-SRT-MLD,,MLD11R48S,MOULD 11 - 4.00 x 8 - RIB PATTERN SRT,Mould,Non AMC,Mechanical,,HIGH,,Manikandan,Production,Yes,OFF,,,,,No,,
MOULD 110 - 7.00 x 12 - Y PATTERN SRT,SRT mould,ETL-GPD-SRT-MLD,,MLD110Y712S,MOULD 110 - 7.00 x 12 - Y PATTERN SRT,Mould,Non AMC,Mechanical,,HIGH,,Manikandan,Production,Yes,ON,,,,,No,,
MOULD 111 - 7.00 x 12 - Y PATTERN SRT,SRT mould,ETL-GPD-SRT-MLD,,MLD111Y712S,MOULD 111 - 7.00 x 12 - Y PATTERN SRT,Mould,Non AMC,Mechanical,,HIGH,,Manikandan,Production,Yes,ON,,,,,No,,
MOULD 112 - 7.00 x 12 - Y PATTERN SRT,SRT mould,ETL-GPD-SRT-MLD,,MLD112Y712S,MOULD 112 - 7.00 x 12 - Y PATTERN SRT,Mould,Non AMC,Mechanical,,HIGH,,Manikandan,Production,Yes,ON,,,,,No,,
MOULD 113 - 7.00 x 12 - Y PATTERN SRT,SRT mould,ETL-GPD-SRT-MLD,,MLD113Y712S,MOULD 113 - 7.00 x 12 - Y PATTERN SRT,Mould,Non AMC,Mechanical,,HIGH,,Manikandan,Production,Yes,ON,,,,,No,,
MOULD 114 - 7.00 x 12 - Y PATTERN SRT,SRT mould,ETL-GPD-SRT-MLD,,MLD114Y712S,MOULD 114 - 7.00 x 12 - Y PATTERN SRT,Mould,Non AMC,Mechanical,,HIGH,,Manikandan,Production,Yes,ON,,,,,No,,
MOULD 115 - 7.00 x 12 - Y PATTERN SRT,SRT mould,ETL-GPD-SRT-MLD,,MLD115Y712S,MOULD 115 - 7.00 x 12 - Y PATTERN SRT,Mould,Non AMC,Mechanical,,HIGH,,Manikandan,Production,Yes,ON,,,,,No,,
MOULD 116 - 7.00 x 12 - Y PATTERN SRT,SRT mould,ETL-GPD-SRT-MLD,,MLD116Y712S,MOULD 116 - 7.00 x 12 - Y PATTERN SRT,Mould,Non AMC,Mechanical,,HIGH,,Manikandan,Production,Yes,ON,,,,,No,,
MOULD 117 - 7.00 x 12 - W PATTERN SRT,SRT mould,ETL-GPD-SRT-MLD,,MLD117W712S,MOULD 117 - 7.00 x 12 - W PATTERN SRT,Mould,Non AMC,Mechanical,,HIGH,,Manikandan,Production,Yes,ON,,,,,No,,
MOULD 118 - 7.00 x 12 - G PATTERN SRT,SRT mould,ETL-GPD-SRT-MLD,,MLD118G712S,MOULD 118 - 7.00 x 12 - G PATTERN SRT,Mould,Non AMC,Mechanical,,HIGH,,Manikandan,Production,Yes,ON,,,,,No,,
MOULD 119 - 7.00 x 12 - G PATTERN SRT,SRT mould,ETL-GPD-SRT-MLD,,MLD119G712S,MOULD 119 - 7.00 x 12 - G PATTERN SRT,Mould,Non AMC,Mechanical,,HIGH,,Manikandan,Production,Yes,ON,,,,,No,,
MOULD 12 - 4.00 x 8 - RIB PATTERN SRT,SRT mould,ETL-GPD-SRT-MLD,,MLD12R48S,MOULD 12 - 4.00 x 8 - RIB PATTERN SRT,Mould,Non AMC,Mechanical,,HIGH,,Manikandan,Production,Yes,ON,,,,,No,,
MOULD 120 - 7.00 x 12 - W PATTERN SRT,SRT mould,ETL-GPD-SRT-MLD,,MLD120W712S,MOULD 120 - 7.00 x 12 - W PATTERN SRT,Mould,Non AMC,Mechanical,,HIGH,,Manikandan,Production,Yes,ON,,,,,No,,
MOULD 121 - 7.00 x 12 - W PATTERN SRT,SRT mould,ETL-GPD-SRT-MLD,,MLD121W712S,MOULD 121 - 7.00 x 12 - W PATTERN SRT,Mould,Non AMC,Mechanical,,HIGH,,Manikandan,Production,Yes,ON,,,,,No,,
MOULD 122 - 7.00 x 12 - G PATTERN SRT,SRT mould,ETL-GPD-SRT-MLD,,MLD122G712S,MOULD 122 - 7.00 x 12 - G PATTERN SRT,Mould,Non AMC,Mechanical,,HIGH,,Manikandan,Production,Yes,ON,,,,,No,,
MOULD 124 - 27 x 10 - 12 - SRT G PATTERN  SRT,SRT mould,ETL-GPD-SRT-MLD,,MLD124G271012S,MOULD 124 - 27 x 10 - 12 - SRT G PATTERN  SRT,Mould,Non AMC,Mechanical,,HIGH,,Manikandan,Production,Yes,ON,,,,,No,,
MOULD 125 -  7.00 x 15 - Y PATTERN SRT,SRT mould,ETL-GPD-SRT-MLD,,MLD125Y715S,MOULD 125 -  7.00 x 15 - Y PATTERN SRT,Mould,Non AMC,Mechanical,,HIGH,,Manikandan,Production,Yes,ON,,,,,No,,
MOULD 126 - 7.00 x 15 - G PATTERN SRT,SRT mould,ETL-GPD-SRT-MLD,,MLD126G715S,MOULD 126 - 7.00 x 15 - G PATTERN SRT,Mould,Non AMC,Mechanical,,HIGH,,Manikandan,Production,Yes,ON,,,,,No,,
MOULD 127 - 7.00 x 15 - W PATTERN SRT,SRT mould,ETL-GPD-SRT-MLD,,MLD127W715S,MOULD 127 - 7.00 x 15 - W PATTERN SRT,Mould,Non AMC,Mechanical,,HIGH,,Manikandan,Production,Yes,ON,,,,,No,,
MOULD 128 - 7.50 x 15 - Y PATTERN SRT,SRT mould,ETL-GPD-SRT-MLD,,MLD128Y75015S,MOULD 128 - 7.50 x 15 - Y PATTERN SRT,Mould,Non AMC,Mechanical,,HIGH,,Manikandan,Production,Yes,ON,,,,,No,,
MOULD 129 - 8.15 x 15 - G PATTERN SRT,SRT mould,ETL-GPD-SRT-MLD,,MLD129G81515S,MOULD 129 - 8.15 x 15 - G PATTERN SRT,Mould,Non AMC,Mechanical,,HIGH,,Manikandan,Production,Yes,ON,,,,,No,,
MOULD 13 - 4.00 x 8 - RIB PATTERN SRT,SRT mould,ETL-GPD-SRT-MLD,,MLD13R48S,MOULD 13 - 4.00 x 8 - RIB PATTERN SRT,Mould,Non AMC,Mechanical,,HIGH,,Manikandan,Production,Yes,ON,,,,,No,,
MOULD 130 - 8.15 x 15 - G PATTERN SRT,SRT mould,ETL-GPD-SRT-MLD,,MLD130G81515S,MOULD 130 - 8.15 x 15 - G PATTERN SRT,Mould,Non AMC,Mechanical,,HIGH,,Manikandan,Production,Yes,ON,,,,,No,,
MOULD 131 - 8.15 x 15 - G PATTERN SRT,SRT mould,ETL-GPD-SRT-MLD,,MLD131G81515S,MOULD 131 - 8.15 x 15 - G PATTERN SRT,Mould,Non AMC,Mechanical,,HIGH,,Manikandan,Production,Yes,ON,,,,,No,,
MOULD 132 - 8.15 x 15 - Y PATTERN SRT,SRT mould,ETL-GPD-SRT-MLD,,MLD132Y81515S,MOULD 132 - 8.15 x 15 - Y PATTERN SRT,Mould,Non AMC,Mechanical,,HIGH,,Manikandan,Production,Yes,ON,,,,,No,,
MOULD 133 - 8.15 x 15 - Y PATTERN SRT,SRT mould,ETL-GPD-SRT-MLD,,MLD133Y81515S,MOULD 133 - 8.15 x 15 - Y PATTERN SRT,Mould,Non AMC,Mechanical,,HIGH,,Manikandan,Production,Yes,ON,,,,,No,,
MOULD 134 - 8.15 x 15 - Y PATTERN SRT,SRT mould,ETL-GPD-SRT-MLD,,MLD134Y81515S,MOULD 134 - 8.15 x 15 - Y PATTERN SRT,Mould,Non AMC,Mechanical,,HIGH,,Manikandan,Production,Yes,ON,,,,,No,,
MOULD 135 - 8.15 x 15 - Y PATTERN SRT,SRT mould,ETL-GPD-SRT-MLD,,MLD135Y81515S,MOULD 135 - 8.15 x 15 - Y PATTERN SRT,Mould,Non AMC,Mechanical,,HIGH,,Manikandan,Production,Yes,ON,,,,,No,,
MOULD 136 - 8.15 x 15 - W PATTERN SRT,SRT mould,ETL-GPD-SRT-MLD,,MLD136W81515S,MOULD 136 - 8.15 x 15 - W PATTERN SRT,Mould,Non AMC,Mechanical,,HIGH,,Manikandan,Production,Yes,ON,,,,,No,,
MOULD 137 - 8.15 x 15 - G PATTERN SRT,SRT mould,ETL-GPD-SRT-MLD,,MLD137G81515S,MOULD 137 - 8.15 x 15 - G PATTERN SRT,Mould,Non AMC,Mechanical,,HIGH,,Manikandan,Production,Yes,ON,,,,,No,,
MOULD 138 - 8.25 x 15 - Y PATTERN SRT,SRT mould,ETL-GPD-SRT-MLD,,MLD138Y82515S,MOULD 138 - 8.25 x 15 - Y PATTERN SRT,Mould,Non AMC,Mechanical,,HIGH,,Manikandan,Production,Yes,ON,,,,,No,,
MOULD 139 - 8.25 x 15 - Y PATTERN SRT,SRT mould,ETL-GPD-SRT-MLD,,MLD139Y82515S,MOULD 139 - 8.25 x 15 - Y PATTERN SRT,Mould,Non AMC,Mechanical,,HIGH,,Manikandan,Production,Yes,ON,,,,,No,,
MOULD 14 - 4.00 x 8 - RIB PATTERN SRT,SRT mould,ETL-GPD-SRT-MLD,,MLD14R48S,MOULD 14 - 4.00 x 8 - RIB PATTERN SRT,Mould,Non AMC,Mechanical,,HIGH,,Manikandan,Production,Yes,ON,,,,,No,,
MOULD 140 - 8.25 x 15 - Y PATTERN SRT,SRT mould,ETL-GPD-SRT-MLD,,MLD140Y82515S,MOULD 140 - 8.25 x 15 - Y PATTERN SRT,Mould,Non AMC,Mechanical,,HIGH,,Manikandan,Production,Yes,ON,,,,,No,,
MOULD 141 - 8.25 x 15 -  Y PATTERN SRT,SRT mould,ETL-GPD-SRT-MLD,,MLD141Y82515S,MOULD 141 - 8.25 x 15 -  Y PATTERN SRT,Mould,Non AMC,Mechanical,,HIGH,,Manikandan,Production,Yes,ON,,,,,No,,
MOULD 142 - 8.25 x 15 -  G PATTERN SRT,SRT mould,ETL-GPD-SRT-MLD,,MLD142G82515S,MOULD 142 - 8.25 x 15 -  G PATTERN SRT,Mould,Non AMC,Mechanical,,HIGH,,Manikandan,Production,Yes,ON,,,,,No,,
MOULD 143 - 250 x 15 -Y PATTERN SRT,SRT mould,ETL-GPD-SRT-MLD,,MLD143Y25015S,MOULD 143 - 250 x 15 -Y PATTERN SRT,Mould,Non AMC,Mechanical,,HIGH,,Manikandan,Production,Yes,ON,,,,,No,,
MOULD 144 - 250 x 15 - Y PATTERN SRT,SRT mould,ETL-GPD-SRT-MLD,,MLD144Y25015S,MOULD 144 - 250 x 15 - Y PATTERN SRT,Mould,Non AMC,Mechanical,,HIGH,,Manikandan,Production,Yes,ON,,,,,No,,
MOULD 145 - 250 x 15 - W PATTERN  SRT,SRT mould,ETL-GPD-SRT-MLD,,MLD145W25015S,MOULD 145 - 250 x 15 - W PATTERN  SRT,Mould,Non AMC,Mechanical,,HIGH,,Manikandan,Production,Yes,ON,,,,,No,,
MOULD 147 - 300 x 15 - Y PATTERN SRT,SRT mould,ETL-GPD-SRT-MLD,,MLD147Y30015S,MOULD 147 - 300 x 15 - Y PATTERN SRT,Mould,Non AMC,Mechanical,,HIGH,,Manikandan,Production,Yes,ON,,,,,No,,
MOULD 148 - 300 x 15 - Y PATTERN SRT,SRT mould,ETL-GPD-SRT-MLD,,MLD148Y30015S,MOULD 148 - 300 x 15 - Y PATTERN SRT,Mould,Non AMC,Mechanical,,HIGH,,Manikandan,Production,Yes,ON,,,,,No,,
MOULD 149 - 7.50 x 20 - Y PATTERN SRT,SRT mould,ETL-GPD-SRT-MLD,,MLD149Y75020S,MOULD 149 - 7.50 x 20 - Y PATTERN SRT,Mould,Non AMC,Mechanical,,HIGH,,Manikandan,Production,Yes,ON,,,,,No,,
MOULD 15 - 4.00 x 8 - RIB PATTERN SRT,SRT mould,ETL-GPD-SRT-MLD,,MLD15R48S,MOULD 15 - 4.00 x 8 - RIB PATTERN SRT,Mould,Non AMC,Mechanical,,HIGH,,Manikandan,Production,Yes,ON,,,,,No,,
MOULD 150 - 8.25 x 20 - Y PATTERN SRT,SRT mould,ETL-GPD-SRT-MLD,,MLD150Y82520S,MOULD 150 - 8.25 x 20 - Y PATTERN SRT,Mould,Non AMC,Mechanical,,HIGH,,Manikandan,Production,Yes,ON,,,,,No,,
MOULD 151 - 10.00 x 20 - Y PATTERN SRT,SRT mould,ETL-GPD-SRT-MLD,,MLD151Y1020S,MOULD 151 - 10.00 x 20 - Y PATTERN SRT,Mould,Non AMC,Mechanical,,HIGH,,Manikandan,Production,Yes,ON,,,,,No,,
MOULD 152 - 10.00 x 20 - Y PATTERN SRT,SRT mould,ETL-GPD-SRT-MLD,,MLD152Y1020S,MOULD 152 - 10.00 x 20 - Y PATTERN SRT,Mould,Non AMC,Mechanical,,HIGH,,Manikandan,Production,Yes,ON,,,,,No,,
MOULD 153 - 10.00 x 20 - SMOOTH PATTERN SRT,SRT mould,ETL-GPD-SRT-MLD,,MLD153S1020S,MOULD 153 - 10.00 x 20 - SMOOTH PATTERN SRT,Mould,Non AMC,Mechanical,,HIGH,,Manikandan,Production,Yes,ON,,,,,No,,
MOULD 154 10.00 x 20 - SMOOTH PATTERN SRT,SRT mould,ETL-GPD-SRT-MLD,,MLD154S1020S,MOULD 154 10.00 x 20 - SMOOTH PATTERN SRT,Mould,Non AMC,Mechanical,,HIGH,,Manikandan,Production,Yes,ON,,,,,No,,
MOULD 156 - 12.00 x 20 - Y PATTERN SRT,SRT mould,ETL-GPD-SRT-MLD,,MLD156Y1220S,MOULD 156 - 12.00 x 20 - Y PATTERN SRT,Mould,Non AMC,Mechanical,,HIGH,,Manikandan,Production,Yes,ON,,,,,No,,
MOULD 157 - 12.00 x 20 - Y PATTERN SRT,SRT mould,ETL-GPD-SRT-MLD,,MLD157Y1220S,MOULD 157 - 12.00 x 20 - Y PATTERN SRT,Mould,Non AMC,Mechanical,,HIGH,,Manikandan,Production,Yes,ON,,,,,No,,
MOULD 158 - 12.00 x 24 - Y PATTERN SRT,SRT mould,ETL-GPD-SRT-MLD,,MLD158Y1224S,MOULD 158 - 12.00 x 24 - Y PATTERN SRT,Mould,Non AMC,Mechanical,,HIGH,,Manikandan,Production,Yes,ON,,,,,No,,
MOULD 159 - 32 x 12.1 - 15 - Y PATTERN SRT,SRT mould,ETL-GPD-SRT-MLD,,MLD159Y3212115S,MOULD 159 - 32 x 12.1 - 15 - Y PATTERN SRT,Mould,Non AMC,Mechanical,,HIGH,,Manikandan,Production,Yes,ON,,,,,No,,
MOULD 16 - 4.00 x 8 - RIB PATTERN SRT,SRT mould,ETL-GPD-SRT-MLD,,MLD16R48S,MOULD 16 - 4.00 x 8 - RIB PATTERN SRT,Mould,Non AMC,Mechanical,,HIGH,,Manikandan,Production,Yes,ON,,,,,No,,
MOULD 160 - 28 x 12.5 - 15 - Y PATTERN SRT,SRT mould,ETL-GPD-SRT-MLD,,MLD160Y2812515S,MOULD 160 - 28 x 12.5 - 15 - Y PATTERN SRT,Mould,Non AMC,Mechanical,,HIGH,,Manikandan,Production,Yes,ON,,,,,No,,
MOULD 161 - 23 x 10 - 12 - G PATTERN   SRT,SRT mould,ETL-GPD-SRT-MLD,,MLD161G231012S,MOULD 161 - 23 x 10 - 12 - G PATTERN   SRT,Mould,Non AMC,Mechanical,,HIGH,,Manikandan,Production,Yes,ON,,,,,No,,
MOULD 162 - 23 x 10 - 12 - Y PATTERN   SRT,SRT mould,ETL-GPD-SRT-MLD,,MLD162Y231012S,MOULD 162 - 23 x 10 - 12 - Y PATTERN   SRT,Mould,Non AMC,Mechanical,,HIGH,,Manikandan,Production,Yes,ON,,,,,No,,
MOULD 163 - 7.50 x 16 - Y PATTERN SRT,SRT mould,ETL-GPD-SRT-MLD,,MLD163Y75016S,MOULD 163 - 7.50 x 16 - Y PATTERN SRT,Mould,Non AMC,Mechanical,,HIGH,,Manikandan,Production,Yes,ON,,,,,No,,
MOULD 164 - 14.00 x 24 Y PATTERN SRT,SRT mould,ETL-GPD-SRT-MLD,,MLD164Y1424S,MOULD 164 - 14.00 x 24 Y PATTERN SRT,Mould,Non AMC,Mechanical,,HIGH,,Manikandan,Production,Yes,ON,,,,,No,,
MOULD 165 - 8.25 x 20 - Y PATTERN SRT,SRT mould,ETL-GPD-SRT-MLD,,MLD165Y82520S,MOULD 165 - 8.25 x 20 - Y PATTERN SRT,Mould,Non AMC,Mechanical,,HIGH,,Manikandan,Production,Yes,ON,,,,,No,,
MOULD 166 -  21 x 8 - 9 - Y PATTERN SRT,SRT mould,ETL-GPD-SRT-MLD,,MLD166Y2189S,MOULD 166 -  21 x 8 - 9 - Y PATTERN SRT,Mould,Non AMC,Mechanical,,HIGH,,Manikandan,Production,Yes,OFF,,,,,No,,
MOULD 167 -  15 x 4 1/2 x 8 - RIB PATTERN  SRT,SRT mould,ETL-GPD-SRT-MLD,,MLD167R154128S,MOULD 167 -  15 x 4 1/2 x 8 - RIB PATTERN  SRT,Mould,Non AMC,Mechanical,,HIGH,,Manikandan,Production,Yes,ON,,,,,No,,
MOULD 168 -  4.00 x 8 - Y PATTERN SRT,SRT mould,ETL-GPD-SRT-MLD,,MLD168Y48S,MOULD 168 -  4.00 x 8 - Y PATTERN SRT,Mould,Non AMC,Mechanical,,HIGH,,Manikandan,Production,Yes,ON,,,,,No,,
MOULD 169 - 560 x 165 - 11 - Y PATTERN SRT,SRT mould,ETL-GPD-SRT-MLD,,MLD169Y56016511S,MOULD 169 - 560 x 165 - 11 - Y PATTERN SRT,Mould,Non AMC,Mechanical,,HIGH,,Manikandan,Production,Yes,ON,,,,,No,,
MOULD 17 - 4.00 x 8 -  RIB PATTERN SRT,SRT mould,ETL-GPD-SRT-MLD,,MLD17R48S,MOULD 17 - 4.00 x 8 -  RIB PATTERN SRT,Mould,Non AMC,Mechanical,,HIGH,,Manikandan,Production,Yes,ON,,,,,No,,
MOULD 170 - 6.00 x 15 - Y PATTERN SRT,SRT mould,ETL-GPD-SRT-MLD,,MLD170Y615S,MOULD 170 - 6.00 x 15 - Y PATTERN SRT,Mould,Non AMC,Mechanical,,HIGH,,Manikandan,Production,Yes,ON,,,,,No,,
MOULD 171 - 10.00 x 20 SRT - Y PATTERN SRT,SRT mould,ETL-GPD-SRT-MLD,,MLD171Y1020S,MOULD 171 - 10.00 x 20 SRT - Y PATTERN SRT,Mould,Non AMC,Mechanical,,HIGH,,Manikandan,Production,Yes,ON,,,,,No,,
MOULD 174 - 6.00 x 9 - G PATTERN SRT,SRT mould,ETL-GPD-SRT-MLD,,MLD174G69S,MOULD 174 - 6.00 x 9 - G PATTERN SRT,Mould,Non AMC,Mechanical,,HIGH,,Manikandan,Production,Yes,ON,,,,,No,,
MOULD 175 - 6.00 x 9 - G PATTERN SRT,SRT mould,ETL-GPD-SRT-MLD,,MLD175G69S,MOULD 175 - 6.00 x 9 - G PATTERN SRT,Mould,Non AMC,Mechanical,,HIGH,,Manikandan,Production,Yes,ON,,,,,No,,
MOULD 176 - 6.00 x 9 - G PATTERN  SRT,SRT mould,ETL-GPD-SRT-MLD,,MLD176G69S,MOULD 176 - 6.00 x 9 - G PATTERN  SRT,Mould,Non AMC,Mechanical,,HIGH,,Manikandan,Production,Yes,ON,,,,,No,,
MOULD 178 - 30 x 9 - 16 - Y PATTERN SRT,SRT mould,ETL-GPD-SRT-MLD,,MLD178Y30916S,MOULD 178 - 30 x 9 - 16 - Y PATTERN SRT,Mould,Non AMC,Mechanical,,HIGH,,Manikandan,Production,Yes,ON,,,,,No,,
MOULD 179 - 6.50 x 10 - G PATTERN - CASING  SRT,SRT mould,ETL-GPD-SRT-MLD,,MLD179G65010S,MOULD 179 - 6.50 x 10 - G PATTERN - CASING  SRT,Mould,Non AMC,Mechanical,,HIGH,,Manikandan,Production,Yes,ON,,,,,No,,
MOULD 18 - 4.00 x 8 - RIB PATTERN SRT,SRT mould,ETL-GPD-SRT-MLD,,MLD18R48S,MOULD 18 - 4.00 x 8 - RIB PATTERN SRT,Mould,Non AMC,Mechanical,,HIGH,,Manikandan,Production,Yes,OFF,,,,,No,,
MOULD 180 - 10.00 x 20  - Y PATTERN - CASING  SRT,SRT mould,ETL-GPD-SRT-MLD,,MLD180Y1020S,MOULD 180 - 10.00 x 20  - Y PATTERN - CASING  SRT,Mould,Non AMC,Mechanical,,HIGH,,Manikandan,Production,Yes,ON,,,,,No,,
MOULD 181 - 140 / 55 - 9 - Y PATTERN SRT,SRT mould,ETL-GPD-SRT-MLD,,MLD181Y140559S,MOULD 181 - 140 / 55 - 9 - Y PATTERN SRT,Mould,Non AMC,Mechanical,,HIGH,,Manikandan,Production,Yes,ON,,,,,No,,
MOULD 182 - 4.00 x 8  Y PATTERN SRT,SRT mould,ETL-GPD-SRT-MLD,,MLD182Y48S,MOULD 182 - 4.00 x 8  Y PATTERN SRT,Mould,Non AMC,Mechanical,,HIGH,,Manikandan,Production,Yes,ON,,,,,No,,
MOULD 183 - 4.00 x 8  Y PATTERN SRT,SRT mould,ETL-GPD-SRT-MLD,,MLD183Y48S,MOULD 183 - 4.00 x 8  Y PATTERN SRT,Mould,Non AMC,Mechanical,,HIGH,,Manikandan,Production,Yes,ON,,,,,No,,
MOULD 184 - 4.00 x 8 RIB PATTERN SRT,SRT mould,ETL-GPD-SRT-MLD,,MLD184R48S,MOULD 184 - 4.00 x 8 RIB PATTERN SRT,Mould,Non AMC,Mechanical,,HIGH,,Manikandan,Production,Yes,ON,,,,,No,,
MOULD 185 - 4.00 x 8 RIB PATTERN SRT,SRT mould,ETL-GPD-SRT-MLD,,MLD185R48S,MOULD 185 - 4.00 x 8 RIB PATTERN SRT,Mould,Non AMC,Mechanical,,HIGH,,Manikandan,Production,Yes,ON,,,,,No,,
MOULD 186 - 4.00 x 8 Y PATTERN SRT,SRT mould,ETL-GPD-SRT-MLD,,MLD186Y48S,MOULD 186 - 4.00 x 8 Y PATTERN SRT,Mould,Non AMC,Mechanical,,HIGH,,Manikandan,Production,Yes,ON,,,,,No,,
MOULD 187 - 4.00 x 8 Y PATTERN SRT,SRT mould,ETL-GPD-SRT-MLD,,MLD187Y48S,MOULD 187 - 4.00 x 8 Y PATTERN SRT,Mould,Non AMC,Mechanical,,HIGH,,Manikandan,Production,Yes,ON,,,,,No,,
MOULD 188 - 100 x 80 - 8 - RIB PATTERN SRT,SRT mould,ETL-GPD-SRT-MLD,,MLD188S100808S,MOULD 188 - 100 x 80 - 8 - RIB PATTERN SRT,Mould,Non AMC,Mechanical,,HIGH,,Manikandan,Production,Yes,ON,,,,,No,,
MOULD 189 - 23 x 9 - 10  - MONO CASING SRT,SRT mould,ETL-GPD-SRT-MLD,,MLD18923910S,MOULD 189 - 23 x 9 - 10  - MONO CASING SRT,Mould,Non AMC,Mechanical,,HIGH,,Manikandan,Production,Yes,ON,,,,,No,,
MOULD 19 - 4.00 x 8 -  RIB PATTERN SRT,SRT mould,ETL-GPD-SRT-MLD,,MLD19R48S,MOULD 19 - 4.00 x 8 -  RIB PATTERN SRT,Mould,Non AMC,Mechanical,,HIGH,,Manikandan,Production,Yes,ON,,,,,No,,
MOULD 190 -  7.00 x 15 - MONO CASING SRT,SRT mould,ETL-GPD-SRT-MLD,,MLD190715S,MOULD 190 -  7.00 x 15 - MONO CASING SRT,Mould,Non AMC,Mechanical,,HIGH,,Manikandan,Production,Yes,ON,,,,,No,,
MOULD 191 -  8.25 x 15 - MONO CASING SRT,SRT mould,ETL-GPD-SRT-MLD,,MLD19182515S,MOULD 191 -  8.25 x 15 - MONO CASING SRT,Mould,Non AMC,Mechanical,,HIGH,,Manikandan,Production,Yes,ON,,,,,No,,
MOULD 192 -  8.25 x 15 - MONO CASING SRT,SRT mould,ETL-GPD-SRT-MLD,,MLD19282515S,MOULD 192 -  8.25 x 15 - MONO CASING SRT,Mould,Non AMC,Mechanical,,HIGH,,Manikandan,Production,Yes,ON,,,,,No,,
MOULD 193 - 250 x 15 - MONO CASING SRT,SRT mould,ETL-GPD-SRT-MLD,,MLD19325015S,MOULD 193 - 250 x 15 - MONO CASING SRT,Mould,Non AMC,Mechanical,,HIGH,,Manikandan,Production,Yes,ON,,,,,No,,
MOULD 194 - 300 x 15 - MONO CASING SRT,SRT mould,ETL-GPD-SRT-MLD,,MLD19430015S,MOULD 194 - 300 x 15 - MONO CASING SRT,Mould,Non AMC,Mechanical,,HIGH,,Manikandan,Production,Yes,OFF,,,,,No,,
MOULD 195 - 300 x 15 - MONO CASING SRT,SRT mould,ETL-GPD-SRT-MLD,,MLD19530015S,MOULD 195 - 300 x 15 - MONO CASING SRT,Mould,Non AMC,Mechanical,,HIGH,,Manikandan,Production,Yes,ON,,,,,No,,
MOULD 20 - 4.00 x 8 -  RIB PATTERN SRT,SRT mould,ETL-GPD-SRT-MLD,,MLD20R48S,MOULD 20 - 4.00 x 8 -  RIB PATTERN SRT,Mould,Non AMC,Mechanical,,HIGH,,Manikandan,Production,Yes,ON,,,,,No,,
MOULD 21 - 4.00 x 8 -  RIB PATTERN SRT,SRT mould,ETL-GPD-SRT-MLD,,MLD21R48S,MOULD 21 - 4.00 x 8 -  RIB PATTERN SRT,Mould,Non AMC,Mechanical,,HIGH,,Manikandan,Production,Yes,OFF,,,,,No,,
MOULD 22 - 4.00 x 8 - RIB PATTERN SRT,SRT mould,ETL-GPD-SRT-MLD,,MLD22R48S,MOULD 22 - 4.00 x 8 - RIB PATTERN SRT,Mould,Non AMC,Mechanical,,HIGH,,Manikandan,Production,Yes,ON,,,,,No,,
MOULD 23 - 4.00 x 8 - RIB PATTERN SRT,SRT mould,ETL-GPD-SRT-MLD,,MLD23R48S,MOULD 23 - 4.00 x 8 - RIB PATTERN SRT,Mould,Non AMC,Mechanical,,HIGH,,Manikandan,Production,Yes,ON,,,,,No,,
MOULD 234 - 12.00 x 24 S - SMOOTH PATTERN SRT,SRT mould,ETL-GPD-SRT-MLD,,MLD234S1224S,MOULD 234 - 12.00 x 24 S - SMOOTH PATTERN SRT,Mould,Non AMC,Mechanical,,HIGH,,Manikandan,Production,Yes,ON,,,,,No,,
MOULD 235 - 7.00 x 15 - G PATTERN SRT,SRT mould,ETL-GPD-SRT-MLD,,MLD235G715S,MOULD 235 - 7.00 x 15 - G PATTERN SRT,Mould,Non AMC,Mechanical,,HIGH,,Manikandan,Production,Yes,ON,,,,,No,,
MOULD 236 - 4.00 x 8 - RIB PATTERN SRT,SRT mould,ETL-GPD-SRT-MLD,,MLD236R48S,MOULD 236 - 4.00 x 8 - RIB PATTERN SRT,Mould,Non AMC,Mechanical,,HIGH,,Manikandan,Production,Yes,ON,,,,,No,,
MOULD 237 - 4.00 x 8 - RIB PATTERN SRT,SRT mould,ETL-GPD-SRT-MLD,,MLD237R48S,MOULD 237 - 4.00 x 8 - RIB PATTERN SRT,Mould,Non AMC,Mechanical,,HIGH,,Manikandan,Production,Yes,OFF,,,,,No,,
MOULD 24 - 4.00 x 8 - RIB PATTERN SRT,SRT mould,ETL-GPD-SRT-MLD,,MLD24R48S,MOULD 24 - 4.00 x 8 - RIB PATTERN SRT,Mould,Non AMC,Mechanical,,HIGH,,Manikandan,Production,Yes,ON,,,,,No,,
MOULD 25 - 4.00 x 8 - RIB PATTERN SRT,SRT mould,ETL-GPD-SRT-MLD,,MLD25R48S,MOULD 25 - 4.00 x 8 - RIB PATTERN SRT,Mould,Non AMC,Mechanical,,HIGH,,Manikandan,Production,Yes,ON,,,,,No,,
MOULD 26 - 4.00 x 8 - Y PATTERN SRT,SRT mould,ETL-GPD-SRT-MLD,,MLD26Y48S,MOULD 26 - 4.00 x 8 - Y PATTERN SRT,Mould,Non AMC,Mechanical,,HIGH,,Manikandan,Production,Yes,ON,,,,,No,,
MOULD 27 - 4.00 x 8 - M PATTERN SRT,SRT mould,ETL-GPD-SRT-MLD,,MLD27M48S,MOULD 27 - 4.00 x 8 - M PATTERN SRT,Mould,Non AMC,Mechanical,,HIGH,,Manikandan,Production,Yes,ON,,,,,No,,
MOULD 28 - 4.00 x 9.75 -  Y PATTERN SRT,SRT mould,ETL-GPD-SRT-MLD,,MLD28Y4975S,MOULD 28 - 4.00 x 9.75 -  Y PATTERN SRT,Mould,Non AMC,Mechanical,,HIGH,,Manikandan,Production,Yes,ON,,,,,No,,
MOULD 29 - 4.00 x 9.75 - Y PATTERN SRT,SRT mould,ETL-GPD-SRT-MLD,,MLD29Y4975S,MOULD 29 - 4.00 x 9.75 - Y PATTERN SRT,Mould,Non AMC,Mechanical,,HIGH,,Manikandan,Production,Yes,ON,,,,,No,,
MOULD 30 - 4.00 x 9.75 - Y PATTERN SRT,SRT mould,ETL-GPD-SRT-MLD,,MLD30Y4975S,MOULD 30 - 4.00 x 9.75 - Y PATTERN SRT,Mould,Non AMC,Mechanical,,HIGH,,Manikandan,Production,Yes,ON,,,,,No,,
MOULD 301 - 13 x 3 x 8 POB - SMOOTH PATTERN SRT,SRT mould,ETL-GPD-SRT-MLD,,MLD301S1338S,MOULD 301 - 13 x 3 x 8 POB - SMOOTH PATTERN SRT,Mould,Non AMC,Mechanical,,HIGH,,Manikandan,Production,Yes,ON,,,,,No,,
MOULD 302 - 10 x 4 x 6 1/4 POB - M LUG PATTERN SRT,SRT mould,ETL-GPD-SRT-MLD,,MLD302M104614S,MOULD 302 - 10 x 4 x 6 1/4 POB - M LUG PATTERN SRT,Mould,Non AMC,Mechanical,,HIGH,,Manikandan,Production,Yes,ON,,,,,No,,
MOULD 303 - 20 x 4 x 16 POB - RIB PATTERN SRT,SRT mould,ETL-GPD-SRT-MLD,,MLD303R20416S,MOULD 303 - 20 x 4 x 16 POB - RIB PATTERN SRT,Mould,Non AMC,Mechanical,,HIGH,,Manikandan,Production,Yes,ON,,,,,No,,
MOULD 304 - 13 x 4 1/2 x 8 POB - M LUG PATTERN SRT,SRT mould,ETL-GPD-SRT-MLD,,MLD304M133128S,MOULD 304 - 13 x 4 1/2 x 8 POB - M LUG PATTERN SRT,Mould,Non AMC,Mechanical,,HIGH,,Manikandan,Production,Yes,ON,,,,,No,,
MOULD 305 - 405 x 100 x 305 POB - M LUG PATTERN SRT,SRT mould,ETL-GPD-SRT-MLD,,MLD305M405100305S,MOULD 305 - 405 x 100 x 305 POB - M LUG PATTERN SRT,Mould,Non AMC,Mechanical,,HIGH,,Manikandan,Production,Yes,ON,,,,,No,,
MOULD 306 - 16 x 5 x 10 1/2 POB - M LUG PATTERN SRT,SRT mould,ETL-GPD-SRT-MLD,,MLD306M1651012S,MOULD 306 - 16 x 5 x 10 1/2 POB - M LUG PATTERN SRT,Mould,Non AMC,Mechanical,,HIGH,,Manikandan,Production,Yes,ON,,,,,No,,
MOULD 307 - 16  x 6 x 10 1/2 POB - M LUG PATTERN SRT,SRT mould,ETL-GPD-SRT-MLD,,MLD307M1661012S,MOULD 307 - 16  x 6 x 10 1/2 POB - M LUG PATTERN SRT,Mould,Non AMC,Mechanical,,HIGH,,Manikandan,Production,Yes,ON,,,,,No,,
MOULD 308 - 16 x 5 x 10 1/2 POB - SMOOTH PATTERN SRT,SRT mould,ETL-GPD-SRT-MLD,,MLD308S1651012S,MOULD 308 - 16 x 5 x 10 1/2 POB - SMOOTH PATTERN SRT,Mould,Non AMC,Mechanical,,HIGH,,Manikandan,Production,Yes,ON,,,,,No,,
MOULD 309 - 16 1/4 x 5 x 11 1/4 POB - LUG PATTERN SRT,SRT mould,ETL-GPD-SRT-MLD,,MLD309M161451114S,MOULD 309 - 16 1/4 x 5 x 11 1/4 POB - LUG PATTERN SRT,Mould,Non AMC,Mechanical,,HIGH,,Manikandan,Production,Yes,ON,,,,,No,,
MOULD 31 - 15 x 4 1/2 x 8 - Y PATTERN SRT,SRT mould,ETL-GPD-SRT-MLD,,MLD31Y154128S,MOULD 31 - 15 x 4 1/2 x 8 - Y PATTERN SRT,Mould,Non AMC,Mechanical,,HIGH,,Manikandan,Production,Yes,ON,,,,,No,,
MOULD 310 - 16 1/4 x 5 x 11 1/4 POB - M LUG PATTERN SRT,SRT mould,ETL-GPD-SRT-MLD,,MLD310M161451114S,MOULD 310 - 16 1/4 x 5 x 11 1/4 POB - M LUG PATTERN SRT,Mould,Non AMC,Mechanical,,HIGH,,Manikandan,Production,Yes,ON,,,,,No,,
MOULD 311 -  18  x 5 x 12 1/8 POB - M LUG PATTERN SRT,SRT mould,ETL-GPD-SRT-MLD,,MLD311M1851218S,MOULD 311 -  18  x 5 x 12 1/8 POB - M LUG PATTERN SRT,Mould,Non AMC,Mechanical,,HIGH,,Manikandan,Production,Yes,ON,,,,,No,,
MOULD 312 - 18 x 5 x 12 1/8 POB - M LUG PATTERN SRT,SRT mould,ETL-GPD-SRT-MLD,,MLD312M1851218S,MOULD 312 - 18 x 5 x 12 1/8 POB - M LUG PATTERN SRT,Mould,Non AMC,Mechanical,,HIGH,,Manikandan,Production,Yes,ON,,,,,No,,
MOULD 313 - 18 x 8 x 12 1/8 POB - M LUG PATTERN SRT,SRT mould,ETL-GPD-SRT-MLD,,MLD313M1881218S,MOULD 313 - 18 x 8 x 12 1/8 POB - M LUG PATTERN SRT,Mould,Non AMC,Mechanical,,HIGH,,Manikandan,Production,Yes,ON,,,,,No,,
MOULD 314 -  18  x 8 x 12 1/8 POB - M LUG PATTERN SRT,SRT mould,ETL-GPD-SRT-MLD,,MLD314M1881218S,MOULD 314 -  18  x 8 x 12 1/8 POB - M LUG PATTERN SRT,Mould,Non AMC,Mechanical,,HIGH,,Manikandan,Production,Yes,ON,,,,,No,,
MOULD 315 -  21 x 7 x 15 POB - M LUG PATTERN SRT,SRT mould,ETL-GPD-SRT-MLD,,MLD315M21715S,MOULD 315 -  21 x 7 x 15 POB - M LUG PATTERN SRT,Mould,Non AMC,Mechanical,,HIGH,,Manikandan,Production,Yes,ON,,,,,No,,
MOULD 316 - 21 x 5 x 15 POB -  M LUG PATTERN SRT,SRT mould,ETL-GPD-SRT-MLD,,MLD316M21515S,MOULD 316 - 21 x 5 x 15 POB -  M LUG PATTERN SRT,Mould,Non AMC,Mechanical,,HIGH,,Manikandan,Production,Yes,ON,,,,,No,,
MOULD 317 -  430 x 160 x 320 POB - M LUG PATTERN SRT,SRT mould,ETL-GPD-SRT-MLD,,MLD317M430160320S,MOULD 317 -  430 x 160 x 320 POB - M LUG PATTERN SRT,Mould,Non AMC,Mechanical,,HIGH,,Manikandan,Production,Yes,ON,,,,,No,,
MOULD 318 - 22 x 6 x 16 POB - M LUG PATTERN SRT,SRT mould,ETL-GPD-SRT-MLD,,MLD318M22616S,MOULD 318 - 22 x 6 x 16 POB - M LUG PATTERN SRT,Mould,Non AMC,Mechanical,,HIGH,,Manikandan,Production,Yes,ON,,,,,No,,
MOULD 319 - 17 1/4 x 5 x 11 1/4 POB - M LUG PATTERN SRT,SRT mould,ETL-GPD-SRT-MLD,,MLD319M171451114S,MOULD 319 - 17 1/4 x 5 x 11 1/4 POB - M LUG PATTERN SRT,Mould,Non AMC,Mechanical,,HIGH,,Manikandan,Production,Yes,ON,,,,,No,,
MOULD 32 - 15 x 4 1/2 x 8 - G PATTERN SRT,SRT mould,ETL-GPD-SRT-MLD,,MLD32G15458S,MOULD 32 - 15 x 4 1/2 x 8 - G PATTERN SRT,Mould,Non AMC,Mechanical,,HIGH,,Manikandan,Production,Yes,ON,,,,,No,,
MOULD 320 - 26 x 6 x 20 POB - M LUG PATTERN SRT,SRT mould,ETL-GPD-SRT-MLD,,MLD320M26620S,MOULD 320 - 26 x 6 x 20 POB - M LUG PATTERN SRT,Mould,Non AMC,Mechanical,,HIGH,,Manikandan,Production,Yes,ON,,,,,No,,
MOULD 321 - 28 x 12 x 22 POB - M LUG PATTERN SRT,SRT mould,ETL-GPD-SRT-MLD,,MLD321M281222S,MOULD 321 - 28 x 12 x 22 POB - M LUG PATTERN SRT,Mould,Non AMC,Mechanical,,HIGH,,Manikandan,Production,Yes,ON,,,,,No,,
MOULD 322 - 580 x 340 x 406 POB  -  M LUG PATTERN SRT,SRT mould,ETL-GPD-SRT-MLD,,MLD322M580340406S,MOULD 322 - 580 x 340 x 406 POB  -  M LUG PATTERN SRT,Mould,Non AMC,Mechanical,,HIGH,,Manikandan,Production,Yes,ON,,,,,No,,
MOULD 323 450 x 300 x 305 POB - SMOOTH PATTERN SRT,SRT mould,ETL-GPD-SRT-MLD,,MLD323S450300305S,MOULD 323 450 x 300 x 305 POB - SMOOTH PATTERN SRT,Mould,Non AMC,Mechanical,,HIGH,,Manikandan,Production,Yes,ON,,,,,No,,
MOULD 324 - 21 x 7 x 15 POB -  SMOOTH PATTERN SRT,SRT mould,ETL-GPD-SRT-MLD,,MLD324S21715S,MOULD 324 - 21 x 7 x 15 POB -  SMOOTH PATTERN SRT,Mould,Non AMC,Mechanical,,HIGH,,Manikandan,Production,Yes,ON,,,,,No,,
MOULD 325 - 15 1/2 x 5 x 10 POB - SMOOTH PATTERN SRT,SRT mould,ETL-GPD-SRT-MLD,,MLD325S1512510S,MOULD 325 - 15 1/2 x 5 x 10 POB - SMOOTH PATTERN SRT,Mould,Non AMC,Mechanical,,HIGH,,Manikandan,Production,Yes,ON,,,,,No,,
MOULD 326 - 21 x 7 x 15 POB - SMOOTH PATTERN SRT,SRT mould,ETL-GPD-SRT-MLD,,MLD326S21715S,MOULD 326 - 21 x 7 x 15 POB - SMOOTH PATTERN SRT,Mould,Non AMC,Mechanical,,HIGH,,Manikandan,Production,Yes,ON,,,,,No,,
MOULD 327 - 22 x 8 x 16 POB - SMOOTH PATTERN SRT,SRT mould,ETL-GPD-SRT-MLD,,MLD327S22816S,MOULD 327 - 22 x 8 x 16 POB - SMOOTH PATTERN SRT,Mould,Non AMC,Mechanical,,HIGH,,Manikandan,Production,Yes,ON,,,,,No,,
MOULD 33 - 15 x 4 1/2 x 8 - W PATTERN SRT,SRT mould,ETL-GPD-SRT-MLD,,MLD33W15458S,MOULD 33 - 15 x 4 1/2 x 8 - W PATTERN SRT,Mould,Non AMC,Mechanical,,HIGH,,Manikandan,Production,Yes,ON,,,,,No,,
MOULD 332 - 18 x 5 x 12 1/8 POB - SMOOTH PATTERN SRT,SRT mould,ETL-GPD-SRT-MLD,,MLD332S1851218S,MOULD 332 - 18 x 5 x 12 1/8 POB - SMOOTH PATTERN SRT,Mould,Non AMC,Mechanical,,HIGH,,Manikandan,Production,Yes,ON,,,,,No,,
MOULD 334 - 18 x 8 x 12 1/8 POB- SMOOTH PATTERN SRT,SRT mould,ETL-GPD-SRT-MLD,,MLD334S1881218S,MOULD 334 - 18 x 8 x 12 1/8 POB- SMOOTH PATTERN SRT,Mould,Non AMC,Mechanical,,HIGH,,Manikandan,Production,Yes,ON,,,,,No,,
MOULD 336 - 470 x 270 POB - SMOOTH PATTERN SRT,SRT mould,ETL-GPD-SRT-MLD,,MLD336S470270S,MOULD 336 - 470 x 270 POB - SMOOTH PATTERN SRT,Mould,Non AMC,Mechanical,,HIGH,,Manikandan,Production,Yes,ON,,,,,No,,
MOULD 337 - 500 x 280 POB - SMOOTH PATTERN SRT,SRT mould,ETL-GPD-SRT-MLD,,MLD337S500280S,MOULD 337 - 500 x 280 POB - SMOOTH PATTERN SRT,Mould,Non AMC,Mechanical,,HIGH,,Manikandan,Production,Yes,ON,,,,,No,,
MOULD 338 - 14 x 4 1/2 x 8 POB - SMOOTH PATTERN SRT,SRT mould,ETL-GPD-SRT-MLD,,MLD338S144128S,MOULD 338 - 14 x 4 1/2 x 8 POB - SMOOTH PATTERN SRT,Mould,Non AMC,Mechanical,,HIGH,,Manikandan,Production,Yes,ON,,,,,No,,
MOULD 339 - 250 x 90 x 170 POB - SMOOTH PATTERN SRT,SRT mould,ETL-GPD-SRT-MLD,,MLD339S25090170S,MOULD 339 - 250 x 90 x 170 POB - SMOOTH PATTERN SRT,Mould,Non AMC,Mechanical,,HIGH,,Manikandan,Production,Yes,ON,,,,,No,,
MOULD 34 - 15 x 4 1/2 x 8 - G PATTERN SRT,SRT mould,ETL-GPD-SRT-MLD,,MLD34G15458S,MOULD 34 - 15 x 4 1/2 x 8 - G PATTERN SRT,Mould,Non AMC,Mechanical,,HIGH,,Manikandan,Production,Yes,ON,,,,,No,,
MOULD 340 - 300 x 100 x 203 POB - SMOOTH PATTERN SRT,SRT mould,ETL-GPD-SRT-MLD,,MLD340S300100203S,MOULD 340 - 300 x 100 x 203 POB - SMOOTH PATTERN SRT,Mould,Non AMC,Mechanical,,HIGH,,Manikandan,Production,Yes,ON,,,,,No,,
MOULD 341 - 8 1/2 x 4 x 4 POB - SMOOTH PATTERN SRT,SRT mould,ETL-GPD-SRT-MLD,,MLD341S8544SM,MOULD 341 - 8 1/2 x 4 x 4 POB - SMOOTH PATTERN SRT,Mould,Non AMC,Mechanical,,HIGH,,Manikandan,Production,Yes,ON,,,,,No,,
MOULD 342 - 645 x 250  x 480 POB - SMOOTH PATTERN SRT,SRT mould,ETL-GPD-SRT-MLD,,MLD342S645250480S,MOULD 342 - 645 x 250  x 480 POB - SMOOTH PATTERN SRT,Mould,Non AMC,Mechanical,,HIGH,,Manikandan,Production,Yes,ON,,,,,No,,
MOULD 343 - 920 x 240 x 670 POB - SMOOTH PATTERN SRT,SRT mould,ETL-GPD-SRT-MLD,,MLD343S920240670S,MOULD 343 - 920 x 240 x 670 POB - SMOOTH PATTERN SRT,Mould,Non AMC,Mechanical,,HIGH,,Manikandan,Production,Yes,ON,,,,,No,,
MOULD 344 - 14 x 5 x 10 POB - SMOOTH PATTERN SRT,SRT mould,ETL-GPD-SRT-MLD,,MLD344S14510S,MOULD 344 - 14 x 5 x 10 POB - SMOOTH PATTERN SRT,Mould,Non AMC,Mechanical,,HIGH,,Manikandan,Production,Yes,ON,,,,,No,,
MOULD 345 - 10 x 5 x 6 1/4 POB - SMOOTH PATTERN SRT,SRT mould,ETL-GPD-SRT-MLD,,MLD345S105614S,MOULD 345 - 10 x 5 x 6 1/4 POB - SMOOTH PATTERN SRT,Mould,Non AMC,Mechanical,,HIGH,,Manikandan,Production,Yes,ON,,,,,No,,
MOULD 347 - 16 x 5 x 10 1/2 POB - SMOOTH PATTERN SRT,SRT mould,ETL-GPD-SRT-MLD,,MLD347S1651012S,MOULD 347 - 16 x 5 x 10 1/2 POB - SMOOTH PATTERN SRT,Mould,Non AMC,Mechanical,,HIGH,,Manikandan,Production,Yes,ON,,,,,No,,
MOULD 348 - 13 1/2 x 5 1/2 x 8 POB - SMOOTH PATTERN SRT,SRT mould,ETL-GPD-SRT-MLD,,MLD348S13125128S,MOULD 348 - 13 1/2 x 5 1/2 x 8 POB - SMOOTH PATTERN SRT,Mould,Non AMC,Mechanical,,HIGH,,Manikandan,Production,Yes,ON,,,,,No,,
MOULD 349 - 22 x 12 x 16 POB - SMOOTH PATTERN SRT,SRT mould,ETL-GPD-SRT-MLD,,MLD349S221216S,MOULD 349 - 22 x 12 x 16 POB - SMOOTH PATTERN SRT,Mould,Non AMC,Mechanical,,HIGH,,Manikandan,Production,Yes,ON,,,,,No,,
MOULD 35 - 15 x 4 1/2 x 8 - RIB PATTERN SRT,SRT mould,ETL-GPD-SRT-MLD,,MLD35R154128S,MOULD 35 - 15 x 4 1/2 x 8 - RIB PATTERN SRT,Mould,Non AMC,Mechanical,,HIGH,,Manikandan,Production,Yes,ON,,,,,No,,
MOULD 350. - 22 x 12 x 16 POB - SMOOTH PATTERN SRT,SRT mould,ETL-GPD-SRT-MLD,,MLD350S221216S,MOULD 350. - 22 x 12 x 16 POB - SMOOTH PATTERN SRT,Mould,Non AMC,Mechanical,,HIGH,,Manikandan,Production,Yes,ON,,,,,No,,
MOULD 351 - 22 x 12 x 16 POB - SMOOTH PATTERN SRT,SRT mould,ETL-GPD-SRT-MLD,,MLD351S221216S,MOULD 351 - 22 x 12 x 16 POB - SMOOTH PATTERN SRT,Mould,Non AMC,Mechanical,,HIGH,,Manikandan,Production,Yes,ON,,,,,No,,
MOULD 352 - 22 x 16 x 16 POB - SMOOTH PATTERN SRT,SRT mould,ETL-GPD-SRT-MLD,,MLD352S221616S,MOULD 352 - 22 x 16 x 16 POB - SMOOTH PATTERN SRT,Mould,Non AMC,Mechanical,,HIGH,,Manikandan,Production,Yes,ON,,,,,No,,
MOULD 353 - 22 x 14 x 16 POB - SMOOTH PATTERN SRT,SRT mould,ETL-GPD-SRT-MLD,,MLD353S221416S,MOULD 353 - 22 x 14 x 16 POB - SMOOTH PATTERN SRT,Mould,Non AMC,Mechanical,,HIGH,,Manikandan,Production,Yes,ON,,,,,No,,
MOULD 354 - 550 X 160 X 410 POB - SMOOTH PATTERN SRT,SRT mould,ETL-GPD-SRT-MLD,,MLD354S550160410S,MOULD 354 - 550 X 160 X 410 POB - SMOOTH PATTERN SRT,Mould,Non AMC,Mechanical,,HIGH,,Manikandan,Production,Yes,ON,,,,,No,,
MOULD 355 - 28 x 12 x 22 POB - SMOOTH PATTERN SRT,SRT mould,ETL-GPD-SRT-MLD,,MLD355S281222S,MOULD 355 - 28 x 12 x 22 POB - SMOOTH PATTERN SRT,Mould,Non AMC,Mechanical,,HIGH,,Manikandan,Production,Yes,ON,,,,,No,,
MOULD 356 - 21 x 7 x 15 POB - IND PATTERN - CASING  SRT,SRT mould,ETL-GPD-SRT-MLD,,MLD35621715S,MOULD 356 - 21 x 7 x 15 POB - IND PATTERN - CASING  SRT,Mould,Non AMC,Mechanical,,HIGH,,Manikandan,Production,Yes,ON,,,,,No,,
MOULD 357 -  645 x 200 x 480 POB - SMOOTH PATTERN SRT,SRT mould,ETL-GPD-SRT-MLD,,MLD357S645200480S,MOULD 357 -  645 x 200 x 480 POB - SMOOTH PATTERN SRT,Mould,Non AMC,Mechanical,,HIGH,,Manikandan,Production,Yes,ON,,,,,No,,
MOULD 36 -  5.00 x 8 - G PATTERN SRT,SRT mould,ETL-GPD-SRT-MLD,,MLD36G58S,MOULD 36 -  5.00 x 8 - G PATTERN SRT,Mould,Non AMC,Mechanical,,HIGH,,Manikandan,Production,Yes,ON,,,,,No,,
MOULD 37 - 5.00 x 8 - G PATTERN SRT,SRT mould,ETL-GPD-SRT-MLD,,MLD37G58S,MOULD 37 - 5.00 x 8 - G PATTERN SRT,Mould,Non AMC,Mechanical,,HIGH,,Manikandan,Production,Yes,ON,,,,,No,,
MOULD 379 - 18 x 7 x 12 1/8 POB - CASING SRT,SRT mould,ETL-GPD-SRT-MLD,,MLD3791871218S,MOULD 379 - 18 x 7 x 12 1/8 POB - CASING SRT,Mould,Non AMC,Mechanical,,HIGH,,Manikandan,Production,Yes,ON,,,,,No,,
MOULD 38 - 5.00 x 8 - G PATTERN SRT,SRT mould,ETL-GPD-SRT-MLD,,MLD38G58S,MOULD 38 - 5.00 x 8 - G PATTERN SRT,Mould,Non AMC,Mechanical,,HIGH,,Manikandan,Production,Yes,ON,,,,,No,,
MOULD 380 - 18 x 7 x 12 1/8 POB - CASING SRT,SRT mould,ETL-GPD-SRT-MLD,,MLD3801871218S,MOULD 380 - 18 x 7 x 12 1/8 POB - CASING SRT,Mould,Non AMC,Mechanical,,HIGH,,Manikandan,Production,Yes,ON,,,,,No,,
MOULD 381 - 18 x 7 x 12 1/8 POB - CASING SRT,SRT mould,ETL-GPD-SRT-MLD,,MLD3811871218S,MOULD 381 - 18 x 7 x 12 1/8 POB - CASING SRT,Mould,Non AMC,Mechanical,,HIGH,,Manikandan,Production,Yes,ON,,,,,No,,
MOULD 382 - 18 x 7 x 12 1/8 POB - CASING SRT,SRT mould,ETL-GPD-SRT-MLD,,MLD3821871218S,MOULD 382 - 18 x 7 x 12 1/8 POB - CASING SRT,Mould,Non AMC,Mechanical,,HIGH,,Manikandan,Production,Yes,ON,,,,,No,,
MOULD 383 - 18 x 9 x 12 1/8 POB - CASING SRT,SRT mould,ETL-GPD-SRT-MLD,,MLD3831891218S,MOULD 383 - 18 x 9 x 12 1/8 POB - CASING SRT,Mould,Non AMC,Mechanical,,HIGH,,Manikandan,Production,Yes,ON,,,,,No,,
MOULD 384 - 18 x 9 x 12 1/8 POB - CASING SRT,SRT mould,ETL-GPD-SRT-MLD,,MLD3841891218S,MOULD 384 - 18 x 9 x 12 1/8 POB - CASING SRT,Mould,Non AMC,Mechanical,,HIGH,,Manikandan,Production,Yes,ON,,,,,No,,
MOULD 385 - 18 x 9 x 12 1/8 POB - CASING SRT,SRT mould,ETL-GPD-SRT-MLD,,MLD3851891218S,MOULD 385 - 18 x 9 x 12 1/8 POB - CASING SRT,Mould,Non AMC,Mechanical,,HIGH,,Manikandan,Production,Yes,ON,,,,,No,,
MOULD 386 - 22 x 9 x 16 POB - CASING SRT,SRT mould,ETL-GPD-SRT-MLD,,MLD38622916S,MOULD 386 - 22 x 9 x 16 POB - CASING SRT,Mould,Non AMC,Mechanical,,HIGH,,Manikandan,Production,Yes,ON,,,,,No,,
MOULD 387 - 22 x 9 x 16 POB - CASING SRT,SRT mould,ETL-GPD-SRT-MLD,,MLD38722916S,MOULD 387 - 22 x 9 x 16 POB - CASING SRT,Mould,Non AMC,Mechanical,,HIGH,,Manikandan,Production,Yes,ON,,,,,No,,
MOULD 388 - 12 x 5 x 8 POB - SMOOTH PATTERN SRT,SRT mould,ETL-GPD-SRT-MLD,,MLD388S1258S,MOULD 388 - 12 x 5 x 8 POB - SMOOTH PATTERN SRT,Mould,Non AMC,Mechanical,,HIGH,,Manikandan,Production,Yes,ON,,,,,No,,
MOULD 389 - 300 x 100 x 203 POB - SMOOTH PATTERN SRT,SRT mould,ETL-GPD-SRT-MLD,,MLD389S300100203S,MOULD 389 - 300 x 100 x 203 POB - SMOOTH PATTERN SRT,Mould,Non AMC,Mechanical,,HIGH,,Manikandan,Production,Yes,ON,,,,,No,,
MOULD 39 - 5.00 x 8 - Y PATTERN SRT,SRT mould,ETL-GPD-SRT-MLD,,MLD39Y58S,MOULD 39 - 5.00 x 8 - Y PATTERN SRT,Mould,Non AMC,Mechanical,,HIGH,,Manikandan,Production,Yes,ON,,,,,No,,
MOULD 399 -  246 X 101 POB SMOOTH MOULD,SRT mould,ETL-GPD-SRT-MLD,,MLD399PS246101S,MOULD 399 -  246 X 101 POB SMOOTH MOULD,Mould,Non AMC,Mechanical,,HIGH,,Manikandan,Production,Yes,ON,,,,,No,,
MOULD 40 - 5.00 x 8 - Y PATTERN SRT,SRT mould,ETL-GPD-SRT-MLD,,MLD40Y58S,MOULD 40 - 5.00 x 8 - Y PATTERN SRT,Mould,Non AMC,Mechanical,,HIGH,,Manikandan,Production,Yes,ON,,,,,No,,
MOULD 400 -  620 x 420 x 480 POB SMOOTH MOULD,SRT mould,ETL-GPD-SRT-MLD,,MLD400PS620420480S,MOULD 400 -  620 x 420 x 480 POB SMOOTH MOULD,Mould,Non AMC,Mechanical,,HIGH,,Manikandan,Production,No,ON,,,,,No,,
MOULD 401 -  620 x 420 x 480 POB SMOOTH MOULD,SRT mould,ETL-GPD-SRT-MLD,,MLD401PS620420480S,MOULD 401 -  620 x 420 x 480 POB SMOOTH MOULD,Mould,Non AMC,Mechanical,,HIGH,,Manikandan,Production,No,ON,,,,,No,,
MOULD 402 -  425 x 300 x 305 POB MLUG MOULD,SRT mould,ETL-GPD-SRT-MLD,,MLD402PM425300305S,MOULD 402 -  425 x 300 x 305 POB MLUG MOULD,Mould,Non AMC,Mechanical,,HIGH,,Manikandan,Production,No,ON,,,,,No,,
MOULD 403 -  450 x 300 x 305 POB SMOOTH MOULD - TREAD RING,SRT mould,ETL-GPD-SRT-MLD,,MLD403PS450300305S,MOULD 403 -  450 x 300 x 305 POB SMOOTH MOULD - TREAD RING,Mould,Non AMC,Mechanical,,HIGH,,Manikandan,Production,No,ON,,,,,No,,
MOULD 41 - 5.00 x 8 -  Y PATTERN SRT,SRT mould,ETL-GPD-SRT-MLD,,MLD41Y58S,MOULD 41 - 5.00 x 8 -  Y PATTERN SRT,Mould,Non AMC,Mechanical,,HIGH,,Manikandan,Production,Yes,ON,,,,,No,,
MOULD 42 - 5.00 x 8 -  Y PATTERN SRT,SRT mould,ETL-GPD-SRT-MLD,,MLD42Y58S,MOULD 42 - 5.00 x 8 -  Y PATTERN SRT,Mould,Non AMC,Mechanical,,HIGH,,Manikandan,Production,Yes,ON,,,,,No,,
MOULD 43 - 5.00 x 8 -  W PATTERN SRT,SRT mould,ETL-GPD-SRT-MLD,,MLD43W58S,MOULD 43 - 5.00 x 8 -  W PATTERN SRT,Mould,Non AMC,Mechanical,,HIGH,,Manikandan,Production,Yes,ON,,,,,No,,
MOULD 44 - 5.00 x 8 -  G PATTERN SRT,SRT mould,ETL-GPD-SRT-MLD,,MLD44G58S,MOULD 44 - 5.00 x 8 -  G PATTERN SRT,Mould,Non AMC,Mechanical,,HIGH,,Manikandan,Production,Yes,ON,,,,,No,,
MOULD 45 - 5.00 x 8 -  G PATTERN SRT,SRT mould,ETL-GPD-SRT-MLD,,MLD45G58S,MOULD 45 - 5.00 x 8 -  G PATTERN SRT,Mould,Non AMC,Mechanical,,HIGH,,Manikandan,Production,Yes,ON,,,,,No,,
MOULD 46 - 16 x 6 - 8 - G PATTERN SRT,SRT mould,ETL-GPD-SRT-MLD,,MLD46G1668S,MOULD 46 - 16 x 6 - 8 - G PATTERN SRT,Mould,Non AMC,Mechanical,,HIGH,,Manikandan,Production,Yes,ON,,,,,No,,
MOULD 48 - 16 x 6 - 8 - W PATTERN SRT,SRT mould,ETL-GPD-SRT-MLD,,MLD48W1668S,MOULD 48 - 16 x 6 - 8 - W PATTERN SRT,Mould,Non AMC,Mechanical,,HIGH,,Manikandan,Production,Yes,ON,,,,,No,,
MOULD 49 - 18 x 7 - 8 - W PATTERN SRT,SRT mould,ETL-GPD-SRT-MLD,,MLD49W1878S,MOULD 49 - 18 x 7 - 8 - W PATTERN SRT,Mould,Non AMC,Mechanical,,HIGH,,Manikandan,Production,Yes,ON,,,,,No,,
MOULD 50 - 18 x 7 - 8 - Y PATTERN SRT,SRT mould,ETL-GPD-SRT-MLD,,MLD50Y1878S,MOULD 50 - 18 x 7 - 8 - Y PATTERN SRT,Mould,Non AMC,Mechanical,,HIGH,,Manikandan,Production,Yes,ON,,,,,No,,
MOULD 501 - 5.00 - 8 - IPT,IPT mould,ETL-GPD-IPT-MLD,,MLD50158P,MOULD 501 - 5.00 - 8 - IPT,Mould,Non AMC,Mechanical,,HIGH,,Admin,Production,No,ON,,,,,No,,
MOULD 502 - 5.00 - 8 - IPT,IPT mould,ETL-GPD-IPT-MLD,,MLD50258P,MOULD 502 - 5.00 - 8 - IPT,Mould,Non AMC,Mechanical,,HIGH,,Admin,Production,No,ON,,,,,No,,
MOULD 503 - 5.00 - 8 - IPT,IPT mould,ETL-GPD-IPT-MLD,,MLD50358P,MOULD 503 - 5.00 - 8 - IPT,Mould,Non AMC,Mechanical,,HIGH,,Admin,Production,No,ON,,,,,No,,
MOULD 504- 5.00 - 8 - IPT,IPT mould,ETL-GPD-IPT-MLD,,MLD50458P,MOULD 504- 5.00 - 8 - IPT,Mould,Non AMC,Mechanical,,HIGH,,Admin,Production,No,ON,,,,,No,,
MOULD 505 - 5.00 - 8 - IPT,IPT mould,ETL-GPD-IPT-MLD,,MLD50558P,MOULD 505 - 5.00 - 8 - IPT,Mould,Non AMC,Mechanical,,HIGH,,Admin,Production,No,ON,,,,,No,,
MOULD 506 - 5.00 - 8 - IPT,IPT mould,ETL-GPD-IPT-MLD,,MLD50658P,MOULD 506 - 5.00 - 8 - IPT,Mould,Non AMC,Mechanical,,HIGH,,Admin,Production,No,ON,,,,,No,,
MOULD 507 - 5.00 - 8 - IPT,IPT mould,ETL-GPD-IPT-MLD,,MLD50758P,MOULD 507 - 5.00 - 8 - IPT,Mould,Non AMC,Mechanical,,HIGH,,Admin,Production,No,ON,,,,,No,,
MOULD 508 - 5.00 - 8 - IPT,IPT mould,ETL-GPD-IPT-MLD,,MLD50858P,MOULD 508 - 5.00 - 8 - IPT,Mould,Non AMC,Mechanical,,HIGH,,Admin,Production,No,ON,,,,,No,,
MOULD 509 - 6.50 - 10 - IPT,IPT mould,ETL-GPD-IPT-MLD,,MLD50965010P,MOULD 509 - 6.50 - 10 - IPT,Mould,Non AMC,Mechanical,,HIGH,,Admin,Production,No,ON,,,,,No,,
MOULD 51 - 18 x 7 - 8 - Y PATTERN SRT,SRT mould,ETL-GPD-SRT-MLD,,MLD51Y1878S,MOULD 51 - 18 x 7 - 8 - Y PATTERN SRT,Mould,Non AMC,Mechanical,,HIGH,,Manikandan,Production,Yes,ON,,,,,No,,
MOULD 510 - 6.50 - 10 - IPT,IPT mould,ETL-GPD-IPT-MLD,,MLD51065010P,MOULD 510 - 6.50 - 10 - IPT,Mould,Non AMC,Mechanical,,HIGH,,Admin,Production,No,ON,,,,,No,,
MOULD 511 - 6.50 - 10 - IPT,IPT mould,ETL-GPD-IPT-MLD,,MLD51165010P,MOULD 511 - 6.50 - 10 - IPT,Mould,Non AMC,Mechanical,,HIGH,,Admin,Production,No,ON,,,,,No,,
MOULD 512 - 6.50 - 10 - IPT,IPT mould,ETL-GPD-IPT-MLD,,MLD51265010P,MOULD 512 - 6.50 - 10 - IPT,Mould,Non AMC,Mechanical,,HIGH,,Admin,Production,No,ON,,,,,No,,
MOULD 513 - 6.50 - 10 - IPT,IPT mould,ETL-GPD-IPT-MLD,,MLD51365010P,MOULD 513 - 6.50 - 10 - IPT,Mould,Non AMC,Mechanical,,HIGH,,Admin,Production,No,ON,,,,,No,,
MOULD 514 - 7.00 - 12 - IPT,IPT mould,ETL-GPD-IPT-MLD,,MLD514712P,MOULD 514 - 7.00 - 12 - IPT,Mould,Non AMC,Mechanical,,HIGH,,Admin,Production,No,ON,,,,,No,,
MOULD 515 - 7.00 - 12 - IPT,IPT mould,ETL-GPD-IPT-MLD,,MLD515712P,MOULD 515 - 7.00 - 12 - IPT,Mould,Non AMC,Mechanical,,HIGH,,Admin,Production,No,ON,,,,,No,,
MOULD 516 - 7.00 - 12 - IPT,IPT mould,ETL-GPD-IPT-MLD,,MLD516712P,MOULD 516 - 7.00 - 12 - IPT,Mould,Non AMC,Mechanical,,HIGH,,Admin,Production,No,ON,,,,,No,,
MOULD 517 - 7.00 - 12 - IPT,IPT mould,ETL-GPD-IPT-MLD,,MLD517712P,MOULD 517 - 7.00 - 12 - IPT,Mould,Non AMC,Mechanical,,HIGH,,Admin,Production,No,ON,,,,,No,,
MOULD 518 - 7.00 - 12 - IPT,IPT mould,ETL-GPD-IPT-MLD,,MLD518712P,MOULD 518 - 7.00 - 12 - IPT,Mould,Non AMC,Mechanical,,HIGH,,Admin,Production,No,ON,,,,,No,,
MOULD 519 - 18 x 7 - 8  - IPT,IPT mould,ETL-GPD-IPT-MLD,,MLD5191878P,MOULD 519 - 18 x 7 - 8  - IPT,Mould,Non AMC,Mechanical,,HIGH,,Admin,Production,No,ON,,,,,No,,
MOULD 52 - 18 x 7 - 8 - G PATTERN SRT,SRT mould,ETL-GPD-SRT-MLD,,MLD52G1878S,MOULD 52 - 18 x 7 - 8 - G PATTERN SRT,Mould,Non AMC,Mechanical,,HIGH,,Manikandan,Production,Yes,ON,,,,,No,,
MOULD 520 - 18 x 7 - 8  - IPT,IPT mould,ETL-GPD-IPT-MLD,,MLD5201878P,MOULD 520 - 18 x 7 - 8  - IPT,Mould,Non AMC,Mechanical,,HIGH,,Admin,Production,No,ON,,,,,No,,
MOULD 521  - 16 x 6 - 8  - IPT,IPT mould,ETL-GPD-IPT-MLD,,MLD5211668P,MOULD 521  - 16 x 6 - 8  - IPT,Mould,Non AMC,Mechanical,,HIGH,,Admin,Production,No,ON,,,,,No,,
MOULD 522 - 23 x 9 - 10  - IPT,IPT mould,ETL-GPD-IPT-MLD,,MLD52223910P,MOULD 522 - 23 x 9 - 10  - IPT,Mould,Non AMC,Mechanical,,HIGH,,Admin,Production,No,ON,,,,,No,,
MOULD 523 - 27 x 10 - 12  - IPT,IPT mould,ETL-GPD-IPT-MLD,,MLD523271012P,MOULD 523 - 27 x 10 - 12  - IPT,Mould,Non AMC,Mechanical,,HIGH,,Admin,Production,No,ON,,,,,No,,
MOULD 524 - 23 x 10 - 12  - IPT,IPT mould,ETL-GPD-IPT-MLD,,MLD524231012P,MOULD 524 - 23 x 10 - 12  - IPT,Mould,Non AMC,Mechanical,,HIGH,,Admin,Production,No,ON,,,,,No,,
MOULD 525 - 7.00 - 15 - IPT,IPT mould,ETL-GPD-IPT-MLD,,MLD525715P,MOULD 525 - 7.00 - 15 - IPT,Mould,Non AMC,Mechanical,,HIGH,,Admin,Production,No,ON,,,,,No,,
MOULD 526 -7.50 - 15 - IPT,IPT mould,ETL-GPD-IPT-MLD,,MLD52675015P,MOULD 526 -7.50 - 15 - IPT,Mould,Non AMC,Mechanical,,HIGH,,Admin,Production,No,ON,,,,,No,,
MOULD 527 - 8.15 - 15 - IPT,IPT mould,ETL-GPD-IPT-MLD,,MLD52781515P,MOULD 527 - 8.15 - 15 - IPT,Mould,Non AMC,Mechanical,,HIGH,,Admin,Production,No,ON,,,,,No,,
MOULD 528 - 250 - 15 - IPT,IPT mould,ETL-GPD-IPT-MLD,,MLD52825015P,MOULD 528 - 250 - 15 - IPT,Mould,Non AMC,Mechanical,,HIGH,,Admin,Production,No,ON,,,,,No,,
MOULD 529 - 300 - 15 - IPT,IPT mould,ETL-GPD-IPT-MLD,,MLD52930015P,MOULD 529 - 300 - 15 - IPT,Mould,Non AMC,Mechanical,,HIGH,,Admin,Production,No,ON,,,,,No,,
MOULD 53 - 18 x 7 - 8 - Y PATTERN SRT,SRT mould,ETL-GPD-SRT-MLD,,MLD53Y1878S,MOULD 53 - 18 x 7 - 8 - Y PATTERN SRT,Mould,Non AMC,Mechanical,,HIGH,,Manikandan,Production,Yes,ON,,,,,No,,
MOULD 530 - 23 x 8.50 - 12 IPT,IPT mould,ETL-GPD-IPT-MLD,,MLD5302385012P,MOULD 530 - 23 x 8.50 - 12 IPT,Mould,Non AMC,Mechanical,,HIGH,,Admin,Production,No,ON,,,,,No,,
MOULD 531 - 26 x 12.00 - 12 IPT,IPT mould,ETL-GPD-IPT-MLD,,MLD531261212P,MOULD 531 - 26 x 12.00 - 12 IPT,Mould,Non AMC,Mechanical,,HIGH,,Admin,Production,No,ON,,,,,No,,
MOULD 532 -  10.0 / 75 - 15.3 IPT,IPT mould,ETL-GPD-IPT-MLD,,MLD5321075153P,MOULD 532 -  10.0 / 75 - 15.3 IPT,Mould,Non AMC,Mechanical,,HIGH,,Admin,Production,No,ON,,,,,No,,
MOULD 533 - 10 - 16.5 - SKID STEER IPT,IPT mould,ETL-GPD-IPT-MLD,,MLD53310165P,MOULD 533 - 10 - 16.5 - SKID STEER IPT,Mould,Non AMC,Mechanical,,HIGH,,Admin,Production,No,ON,,,,,No,,
MOULD 534 - 12 - 16.5 - SKID STEER IPT,IPT mould,ETL-GPD-IPT-MLD,,MLD53412165P,MOULD 534 - 12 - 16.5 - SKID STEER IPT,Mould,Non AMC,Mechanical,,HIGH,,Admin,Production,No,ON,,,,,No,,
MOULD 535 - 21 x 8 - 9  - IPT,IPT mould,ETL-GPD-IPT-MLD,,MLD5352189P,MOULD 535 - 21 x 8 - 9  - IPT,Mould,Non AMC,Mechanical,,HIGH,,Admin,Production,No,ON,,,,,No,,
MOULD 536 - 8.15 - 15 - IPT,IPT mould,ETL-GPD-IPT-MLD,,MLD53681515P,MOULD 536 - 8.15 - 15 - IPT,Mould,Non AMC,Mechanical,,HIGH,,Admin,Production,No,ON,,,,,No,,
MOULD 537 - 8.25 - 15 IPT,IPT mould,ETL-GPD-IPT-MLD,,MLD537M82515P,MOULD 537 - 8.25 - 15 IPT,Mould,Non AMC,Mechanical,,HIGH,,Admin,Production,No,ON,,,,,No,,
MOULD 538 - 20 x 14 - 10 IPT,IPT mould,ETL-GPD-IPT-MLD,,MLD538201410P,MOULD 538 - 20 x 14 - 10 IPT,Mould,Non AMC,Mechanical,,HIGH,,Admin,Production,No,ON,,,,,No,,
MOULD 539 - 21 X 7.00 - 12 IPT,IPT mould,ETL-GPD-IPT-MLD,,MLD53921712P,MOULD 539 - 21 X 7.00 - 12 IPT,Mould,Non AMC,Mechanical,,HIGH,,Admin,Production,No,ON,,,,,No,,
MOULD 54 - 18 x 7 - 8 - Y PATTERN SRT,SRT mould,ETL-GPD-SRT-MLD,,MLD54Y1878S,MOULD 54 - 18 x 7 - 8 - Y PATTERN SRT,Mould,Non AMC,Mechanical,,HIGH,,Manikandan,Production,Yes,ON,,,,,No,,
MOULD 540 - 10 - 16.5 IPT,IPT mould,ETL-GPD-IPT-MLD,,MLD54010165P,MOULD 540 - 10 - 16.5 IPT,Mould,Non AMC,Mechanical,,HIGH,,Admin,Production,No,ON,,,,,No,,
MOULD 541 - 12 - 16.5 IPT,IPT mould,ETL-GPD-IPT-MLD,,MLD54112165P,MOULD 541 - 12 - 16.5 IPT,Mould,Non AMC,Mechanical,,HIGH,,Admin,Production,No,ON,,,,,No,,
MOULD 549 - 7.50 - 16 IPT,IPT mould,ETL-GPD-IPT-MLD,,MLD54975016P,MOULD 549 - 7.50 - 16 IPT,Mould,Non AMC,Mechanical,,HIGH,,Admin,Production,No,ON,,,,,No,,
MOULD 55 - 18 x 7 - 8 - G PATTERN SRT,SRT mould,ETL-GPD-SRT-MLD,,MLD55G1878S,MOULD 55 - 18 x 7 - 8 - G PATTERN SRT,Mould,Non AMC,Mechanical,,HIGH,,Manikandan,Production,Yes,ON,,,,,No,,
MOULD 555 - 7.50 - 15 LPT - IPT,IPT mould,ETL-GPD-IPT-MLD,,MLD55575015LP,MOULD 555 - 7.50 - 15 LPT - IPT,Mould,Non AMC,Mechanical,,HIGH,,Admin,Production,No,ON,,,,,No,,
MOULD 556 - 6.90 - 9 - GSE - IPT,IPT mould,ETL-GPD-IPT-MLD,,MLD5566909P,MOULD 556 - 6.90 - 9 - GSE - IPT,Mould,Non AMC,Mechanical,,HIGH,,Admin,Production,No,ON,,,,,No,,
MOULD 557 - 6.90 - 9 - GSE - IPT,IPT mould,ETL-GPD-IPT-MLD,,MLD5576909P,MOULD 557 - 6.90 - 9 - GSE - IPT,Mould,Non AMC,Mechanical,,HIGH,,Admin,Production,No,ON,,,,,No,,
MOULD 558 - 10 - 16.5 - SKID STEER - IPT,IPT mould,ETL-GPD-IPT-MLD,,MLD55810165P,MOULD 558 - 10 - 16.5 - SKID STEER - IPT,Mould,Non AMC,Mechanical,,HIGH,,Admin,Production,No,ON,,,,,No,,
MOULD 559 - 10 - 16.5 - SKID STEER - IPT,IPT mould,ETL-GPD-IPT-MLD,,MLD55910165P,MOULD 559 - 10 - 16.5 - SKID STEER - IPT,Mould,Non AMC,Mechanical,,HIGH,,Admin,Production,No,ON,,,,,No,,
MOULD 56 - 18 x 7 - 8 - W PATTERN SRT,SRT mould,ETL-GPD-SRT-MLD,,MLD56W1878S,MOULD 56 - 18 x 7 - 8 - W PATTERN SRT,Mould,Non AMC,Mechanical,,HIGH,,Manikandan,Production,Yes,ON,,,,,No,,
MOULD 560 - 10 - 16.5 X88 L5 HEAVY DUTY - IPT,IPT mould,ETL-GPD-IPT-MLD,,MLD56010165L5P,MOULD 560 - 10 - 16.5 X88 L5 HEAVY DUTY - IPT,Mould,Non AMC,Mechanical,,HIGH,,Admin,Production,No,ON,,,,,No,,
MOULD 561 - 10 - 16.5 X88 L5 HEAVY DUTY - IPT,IPT mould,ETL-GPD-IPT-MLD,,MLD56110165L5P,MOULD 561 - 10 - 16.5 X88 L5 HEAVY DUTY - IPT,Mould,Non AMC,Mechanical,,HIGH,,Admin,Production,No,ON,,,,,No,,
MOULD 562 - 12 - 16.5 X88 L5 HEAVY DUTY - IPT,IPT mould,ETL-GPD-IPT-MLD,,MLD56212165L5P,MOULD 562 - 12 - 16.5 X88 L5 HEAVY DUTY - IPT,Mould,Non AMC,Mechanical,,HIGH,,Admin,Production,No,ON,,,,,No,,
MOULD 563 - 12 - 16.5 X88 L5 HEAVY DUTY - IPT,IPT mould,ETL-GPD-IPT-MLD,,MLD56312165L5P,MOULD 563 - 12 - 16.5 X88 L5 HEAVY DUTY - IPT,Mould,Non AMC,Mechanical,,HIGH,,Admin,Production,No,ON,,,,,No,,
MOULD 564 - 4.80 / 4.00 - 8 IPT,IPT mould,ETL-GPD-IPT-MLD,,MLD5644804008P,MOULD 564 - 4.80 / 4.00 - 8 IPT,Mould,Non AMC,Mechanical,,HIGH,,Admin,Production,No,ON,,,,,No,,
MOULD 565 - 4.80 / 4.00 - 8 IPT,IPT mould,ETL-GPD-IPT-MLD,,MLD5654804008P,MOULD 565 - 4.80 / 4.00 - 8 IPT,Mould,Non AMC,Mechanical,,HIGH,,Admin,Production,No,ON,,,,,No,,
MOULD 566 - 5.00 - 8 - STARCO IPT,IPT mould,ETL-GPD-IPT-MLD,,MLD56658P,MOULD 566 - 5.00 - 8 - STARCO IPT,Mould,Non AMC,Mechanical,,HIGH,,Admin,Production,No,ON,,,,,No,,
MOULD 567 - 5.00 - 8 - STARCO IPT,IPT mould,ETL-GPD-IPT-MLD,,MLD56758P,MOULD 567 - 5.00 - 8 - STARCO IPT,Mould,Non AMC,Mechanical,,HIGH,,Admin,Production,No,ON,,,,,No,,
MOULD 568 - 6.00 - 9 - STARCO IPT,IPT mould,ETL-GPD-IPT-MLD,,MLD56869P,MOULD 568 - 6.00 - 9 - STARCO IPT,Mould,Non AMC,Mechanical,,HIGH,,Admin,Production,No,ON,,,,,No,,
MOULD 569 - 6.00 - 9 - STARCO IPT,IPT mould,ETL-GPD-IPT-MLD,,MLD56969P,MOULD 569 - 6.00 - 9 - STARCO IPT,Mould,Non AMC,Mechanical,,HIGH,,Admin,Production,No,ON,,,,,No,,
MOULD 57 - 18 x 7 - 8 - G PATTERN SRT,SRT mould,ETL-GPD-SRT-MLD,,MLD57G1878S,MOULD 57 - 18 x 7 - 8 - G PATTERN SRT,Mould,Non AMC,Mechanical,,HIGH,,Manikandan,Production,Yes,ON,,,,,No,,
MOULD 570 - 6.50 - 10 - STARCO IPT,IPT mould,ETL-GPD-IPT-MLD,,MLD57065010P,MOULD 570 - 6.50 - 10 - STARCO IPT,Mould,Non AMC,Mechanical,,HIGH,,Admin,Production,No,ON,,,,,No,,
MOULD 571 - 6.50 - 10 - STARCO IPT,IPT mould,ETL-GPD-IPT-MLD,,MLD57165010P,MOULD 571 - 6.50 - 10 - STARCO IPT,Mould,Non AMC,Mechanical,,HIGH,,Admin,Production,No,ON,,,,,No,,
MOULD 572 - 7.00 - 12 - STARCO IPT,IPT mould,ETL-GPD-IPT-MLD,,MLD572712P,MOULD 572 - 7.00 - 12 - STARCO IPT,Mould,Non AMC,Mechanical,,HIGH,,Admin,Production,No,ON,,,,,No,,
MOULD 573 - 7.00 - 12 - STARCO IPT,IPT mould,ETL-GPD-IPT-MLD,,MLD573712P,MOULD 573 - 7.00 - 12 - STARCO IPT,Mould,Non AMC,Mechanical,,HIGH,,Admin,Production,No,ON,,,,,No,,
MOULD 574 - 8.25 - 15 - STARCO IPT,IPT mould,ETL-GPD-IPT-MLD,,MLD57482515P,MOULD 574 - 8.25 - 15 - STARCO IPT,Mould,Non AMC,Mechanical,,HIGH,,Admin,Production,No,ON,,,,,No,,
MOULD 575 - 8.25 - 15 - STARCO IPT,IPT mould,ETL-GPD-IPT-MLD,,MLD57582515P,MOULD 575 - 8.25 - 15 - STARCO IPT,Mould,Non AMC,Mechanical,,HIGH,,Admin,Production,No,ON,,,,,No,,
MOULD 576 - 12 - 16.5 IPT,IPT mould,ETL-GPD-IPT-MLD,,MLD57612165P,MOULD 576 - 12 - 16.5 IPT,Mould,Non AMC,Mechanical,,HIGH,,Admin,Production,No,ON,,,,,No,,
MOULD 577 - 6.50 - 10 - GSE IPT,IPT mould,ETL-GPD-IPT-MLD,,MLD57765010P,MOULD 577 - 6.50 - 10 - GSE IPT,Mould,Non AMC,Mechanical,,HIGH,,Admin,Production,No,ON,,,,,No,,
MOULD 578 - 6.50 - 10 - GSE IPT,IPT mould,ETL-GPD-IPT-MLD,,MLD57865010P,MOULD 578 - 6.50 - 10 - GSE IPT,Mould,Non AMC,Mechanical,,HIGH,,Admin,Production,No,ON,,,,,No,,
MOULD 579 - 8.00 - 16.5 - GSE IPT,IPT mould,ETL-GPD-IPT-MLD,,MLD5798165P,MOULD 579 - 8.00 - 16.5 - GSE IPT,Mould,Non AMC,Mechanical,,HIGH,,Admin,Production,No,ON,,,,,No,,
MOULD 58 - 18 x 7 - 8 - SMOOTH PATTERN SRT,SRT mould,ETL-GPD-SRT-MLD,,MLD58S1878S,MOULD 58 - 18 x 7 - 8 - SMOOTH PATTERN SRT,Mould,Non AMC,Mechanical,,HIGH,,Manikandan,Production,Yes,ON,,,,,No,,
MOULD 580 - 8.00 - 16.5 - GSE IPT,IPT mould,ETL-GPD-IPT-MLD,,MLD5808165P,MOULD 580 - 8.00 - 16.5 - GSE IPT,Mould,Non AMC,Mechanical,,HIGH,,Admin,Production,No,ON,,,,,No,,
MOULD 581 - 8.75 - 16.5 - STARCO IPT,IPT mould,ETL-GPD-IPT-MLD,,MLD581875165P,MOULD 581 - 8.75 - 16.5 - STARCO IPT,Mould,Non AMC,Mechanical,,HIGH,,Admin,Production,No,ON,,,,,No,,
MOULD 582 - 8.75 - 16.5 - STARCO IPT,IPT mould,ETL-GPD-IPT-MLD,,MLD582875165P,MOULD 582 - 8.75 - 16.5 - STARCO IPT,Mould,Non AMC,Mechanical,,HIGH,,Admin,Production,No,ON,,,,,No,,
MOULD 583 -  6.00 - 16 - GSE IPT,IPT mould,ETL-GPD-IPT-MLD,,MLD583616P,MOULD 583 -  6.00 - 16 - GSE IPT,Mould,Non AMC,Mechanical,,HIGH,,Admin,Production,No,ON,,,,,No,,
MOULD 584 - 8.15 - 15 - STARCO IPT,IPT mould,ETL-GPD-IPT-MLD,,MLD58481515P,MOULD 584 - 8.15 - 15 - STARCO IPT,Mould,Non AMC,Mechanical,,HIGH,,Admin,Production,No,ON,,,,,No,,
MOULD 585 - 8.15 - 15 - STARCO IPT,IPT mould,ETL-GPD-IPT-MLD,,MLD58581515P,MOULD 585 - 8.15 - 15 - STARCO IPT,Mould,Non AMC,Mechanical,,HIGH,,Admin,Production,No,ON,,,,,No,,
MOULD 586 - 16.5 - 13 - GSE IPT,IPT mould,ETL-GPD-IPT-MLD,,MLD58616513P,MOULD 586 - 16.5 - 13 - GSE IPT,Mould,Non AMC,Mechanical,,HIGH,,Admin,Production,No,ON,,,,,No,,
MOULD 587 - 16.5 - 13 - GSE IPT,IPT mould,ETL-GPD-IPT-MLD,,MLD58716513P,MOULD 587 - 16.5 - 13 - GSE IPT,Mould,Non AMC,Mechanical,,HIGH,,Admin,Production,No,ON,,,,,No,,
MOULD 588 - 7.00 - 15  - GSE IPT,IPT mould,ETL-GPD-IPT-MLD,,MLD588715P,MOULD 588 - 7.00 - 15  - GSE IPT,Mould,Non AMC,Mechanical,,HIGH,,Admin,Production,No,ON,,,,,No,,
MOULD 589 - 7.00 - 15  - GSE IPT,IPT mould,ETL-GPD-IPT-MLD,,MLD589715P,MOULD 589 - 7.00 - 15  - GSE IPT,Mould,Non AMC,Mechanical,,HIGH,,Admin,Production,No,ON,,,,,No,,
MOULD 59 - 6.00 x 9 - Y PATTERN SRT,SRT mould,ETL-GPD-SRT-MLD,,MLD59Y69S,MOULD 59 - 6.00 x 9 - Y PATTERN SRT,Mould,Non AMC,Mechanical,,HIGH,,Manikandan,Production,Yes,ON,,,,,No,,
MOULD 592 - 300 - 15 IPT,IPT mould,ETL-GPD-IPT-MLD,,MLD592315P,MOULD 592 - 300 - 15 IPT,Mould,Non AMC,Mechanical,,HIGH,,Admin,Production,No,ON,,,,,No,,
MOULD 593 - 9.00 - 16 IPT,IPT mould,ETL-GPD-IPT-MLD,,MLD593916P,MOULD 593 - 9.00 - 16 IPT,Mould,Non AMC,Mechanical,,HIGH,,Admin,Production,No,ON,,,,,No,,
MOULD 594 - 7.50 - 16 IPT,IPT mould,ETL-GPD-IPT-MLD,,MLD5947516P,MOULD 594 - 7.50 - 16 IPT,Mould,Non AMC,Mechanical,,HIGH,,Admin,Production,No,ON,,,,,No,,
MOULD 595 - 16 X 6 - 8  IPT,IPT mould,ETL-GPD-IPT-MLD,,MLD5951668P,MOULD 595 - 16 X 6 - 8  IPT,Mould,Non AMC,Mechanical,,HIGH,,Admin,Production,No,ON,,,,,No,,
MOULD 596 - 10.0/75-15.3 IPT,IPT mould,ETL-GPD-IPT-MLD,,MLD5961075153P,MOULD 596 - 10.0/75-15.3 IPT,Mould,Non AMC,Mechanical,,HIGH,,Admin,Production,No,ON,,,,,No,,
MOULD 597 - 11.5/80-15.3 IPT,IPT mould,ETL-GPD-IPT-MLD,,MLD59711580153P,MOULD 597 - 11.5/80-15.3 IPT,Mould,Non AMC,Mechanical,,HIGH,,Admin,Production,No,ON,,,,,No,,
MOULD 598 - 8.25-15 GSE  IPT,IPT mould,ETL-GPD-IPT-MLD,,MLD59882515P,MOULD 598 - 8.25-15 GSE  IPT,Mould,Non AMC,Mechanical,,HIGH,,Admin,Production,No,ON,,,,,No,,
MOULD 599 - 8.25-15 GSE  IPT,IPT mould,ETL-GPD-IPT-MLD,,MLD59982515P,MOULD 599 - 8.25-15 GSE  IPT,Mould,Non AMC,Mechanical,,HIGH,,Admin,Production,No,ON,,,,,No,,
MOULD 60 - 6.00 x 9 - G PATTERN SRT,SRT mould,ETL-GPD-SRT-MLD,,MLD60G69S,MOULD 60 - 6.00 x 9 - G PATTERN SRT,Mould,Non AMC,Mechanical,,HIGH,,Manikandan,Production,Yes,ON,,,,,No,,
MOULD 600 - 6.50-10 I4  IPT,IPT mould,ETL-GPD-IPT-MLD,,MLD60065010P,MOULD 600 - 6.50-10 I4  IPT,Mould,Non AMC,Mechanical,,HIGH,,Admin,Production,No,ON,,,,,No,,
MOULD 601 - 6.50-10 I4  IPT,IPT mould,ETL-GPD-IPT-MLD,,MLD60165010P,MOULD 601 - 6.50-10 I4  IPT,Mould,Non AMC,Mechanical,,HIGH,,Admin,Production,No,ON,,,,,No,,
MOULD 602 5.00-8 I4 - IPT,IPT mould,ETL-GPD-IPT-MLD,,MLD602M5008PM,MOULD 602 5.00-8 I4 - IPT,Mould,Non AMC,Mechanical,,HIGH,,Admin,Production,No,ON,,,,,No,,
MOULD 603 5.00-8 I4 - IPT,IPT mould,ETL-GPD-IPT-MLD,,MLD603M5008PM,MOULD 603 5.00-8 I4 - IPT,Mould,Non AMC,Mechanical,,HIGH,,Admin,Production,No,ON,,,,,No,,
MOULD 604 - 10-16.5 SKT01 - IPT,IPT mould,ETL-GPD-IPT-MLD,,MLD604M10165P,MOULD 604 - 10-16.5 SKT01 - IPT,Mould,Non AMC,Mechanical,,HIGH,,Admin,Production,No,ON,,,,,No,,
MOULD 605 - 6.00-9 CARLISLE- IPT,IPT mould,ETL-GPD-IPT-MLD,,MLD605M69P,MOULD 605 - 6.00-9 CARLISLE- IPT,Mould,Non AMC,Mechanical,,HIGH,,Admin,Production,No,ON,,,,,No,,
MOULD 606 - 6.00-9 CARLISLE- IPT,IPT mould,ETL-GPD-IPT-MLD,,MLD606M69P,MOULD 606 - 6.00-9 CARLISLE- IPT,Mould,Non AMC,Mechanical,,HIGH,,Admin,Production,No,ON,,,,,No,,
MOULD 607 - 9.5L-15SL CARLISLE - IPT,IPT mould,ETL-GPD-IPT-MLD,,MLD607M9515P,MOULD 607 - 9.5L-15SL CARLISLE - IPT,Mould,Non AMC,Mechanical,,HIGH,,Admin,Production,No,ON,,,,,No,,
MOULD 608 - 9.5L-15SL CARLISLE - IPT,IPT mould,ETL-GPD-IPT-MLD,,MLD608M9515P,MOULD 608 - 9.5L-15SL CARLISLE - IPT,Mould,Non AMC,Mechanical,,HIGH,,Admin,Production,No,ON,,,,,No,,
MOULD 609 - 11L-15SL CARLISLE - IPT,IPT mould,ETL-GPD-IPT-MLD,,MLD609M1115P,MOULD 609 - 11L-15SL CARLISLE - IPT,Mould,Non AMC,Mechanical,,HIGH,,Admin,Production,No,ON,,,,,No,,
MOULD 61 - 6.00 x 9 - Y PATTERN SRT,SRT mould,ETL-GPD-SRT-MLD,,MLD61Y69S,MOULD 61 - 6.00 x 9 - Y PATTERN SRT,Mould,Non AMC,Mechanical,,HIGH,,Manikandan,Production,Yes,ON,,,,,No,,
MOULD 610 - 11L-15SL CARLISLE - IPT,IPT mould,ETL-GPD-IPT-MLD,,MLD610M1115P,MOULD 610 - 11L-15SL CARLISLE - IPT,Mould,Non AMC,Mechanical,,HIGH,,Admin,Production,No,ON,,,,,No,,
MOULD 611 - 12.5L-15SL CARLISLE - IPT,IPT mould,ETL-GPD-IPT-MLD,,MLD611M12515P,MOULD 611 - 12.5L-15SL CARLISLE - IPT,Mould,Non AMC,Mechanical,,HIGH,,Admin,Production,No,ON,,,,,No,,
MOULD 612 - 12.5L-15SL CARLISLE - IPT,IPT mould,ETL-GPD-IPT-MLD,,MLD612M12515P,MOULD 612 - 12.5L-15SL CARLISLE - IPT,Mould,Non AMC,Mechanical,,HIGH,,Admin,Production,No,ON,,,,,No,,
MOULD 62 - 6.00 x 9 - Y PATTERN SRT,SRT mould,ETL-GPD-SRT-MLD,,MLD62Y69S,MOULD 62 - 6.00 x 9 - Y PATTERN SRT,Mould,Non AMC,Mechanical,,HIGH,,Manikandan,Production,Yes,ON,,,,,No,,
MOULD 63 - 6.00 x 9 - Y PATTERN SRT,SRT mould,ETL-GPD-SRT-MLD,,MLD63Y69S,MOULD 63 - 6.00 x 9 - Y PATTERN SRT,Mould,Non AMC,Mechanical,,HIGH,,Manikandan,Production,Yes,ON,,,,,No,,
MOULD 64 - 6.00 x 9 - Y PATTERN SRT,SRT mould,ETL-GPD-SRT-MLD,,MLD64Y69S,MOULD 64 - 6.00 x 9 - Y PATTERN SRT,Mould,Non AMC,Mechanical,,HIGH,,Manikandan,Production,Yes,ON,,,,,No,,
MOULD 65 - 6.00 x 9 - Y PATTERN SRT,SRT mould,ETL-GPD-SRT-MLD,,MLD65Y69S,MOULD 65 - 6.00 x 9 - Y PATTERN SRT,Mould,Non AMC,Mechanical,,HIGH,,Manikandan,Production,Yes,ON,,,,,No,,
MOULD 66 - 6.00 x 9 - Y PATTERN SRT,SRT mould,ETL-GPD-SRT-MLD,,MLD66Y69S,MOULD 66 - 6.00 x 9 - Y PATTERN SRT,Mould,Non AMC,Mechanical,,HIGH,,Manikandan,Production,Yes,ON,,,,,No,,
MOULD 67 - 6.00 x 9 - Y PATTERN SRT,SRT mould,ETL-GPD-SRT-MLD,,MLD67Y69S,MOULD 67 - 6.00 x 9 - Y PATTERN SRT,Mould,Non AMC,Mechanical,,HIGH,,Manikandan,Production,Yes,ON,,,,,No,,
MOULD 71 -  20 x 6 - 9 - SMOOTH PATTERN   SRT,SRT mould,ETL-GPD-SRT-MLD,,MLD71S2069S,MOULD 71 -  20 x 6 - 9 - SMOOTH PATTERN   SRT,Mould,Non AMC,Mechanical,,HIGH,,Manikandan,Production,Yes,ON,,,,,No,,
MOULD 72 -  21 x 8 - 9 - W PATTERN SRT,SRT mould,ETL-GPD-SRT-MLD,,MLD72W2189S,MOULD 72 -  21 x 8 - 9 - W PATTERN SRT,Mould,Non AMC,Mechanical,,HIGH,,Manikandan,Production,Yes,ON,,,,,No,,
MOULD 73 - 21 x 8 - 9 - G PATTERN SRT,SRT mould,ETL-GPD-SRT-MLD,,MLD73G2189S,MOULD 73 - 21 x 8 - 9 - G PATTERN SRT,Mould,Non AMC,Mechanical,,HIGH,,Manikandan,Production,Yes,ON,,,,,No,,
MOULD 74 - 6.50 x 10 - G PATTERN SRT,SRT mould,ETL-GPD-SRT-MLD,,MLD74G65010S,MOULD 74 - 6.50 x 10 - G PATTERN SRT,Mould,Non AMC,Mechanical,,HIGH,,Manikandan,Production,Yes,ON,,,,,No,,
MOULD 75 - 6.50 x 10 - G PATTERN SRT,SRT mould,ETL-GPD-SRT-MLD,,MLD75G65010S,MOULD 75 - 6.50 x 10 - G PATTERN SRT,Mould,Non AMC,Mechanical,,HIGH,,Manikandan,Production,Yes,ON,,,,,No,,
MOULD 76 - 6.50 x 10 - G PATTERN SRT,SRT mould,ETL-GPD-SRT-MLD,,MLD76G65010S,MOULD 76 - 6.50 x 10 - G PATTERN SRT,Mould,Non AMC,Mechanical,,HIGH,,Manikandan,Production,Yes,ON,,,,,No,,
MOULD 77 - 6.50 x 10 - MEO PATTERN SRT,SRT mould,ETL-GPD-SRT-MLD,,MLD77Z65010S,MOULD 77 - 6.50 x 10 - MEO PATTERN SRT,Mould,Non AMC,Mechanical,,HIGH,,Manikandan,Production,Yes,ON,,,,,No,,
MOULD 78 - 6.50 x 10 - Y PATTERN SRT,SRT mould,ETL-GPD-SRT-MLD,,MLD78Y65010S,MOULD 78 - 6.50 x 10 - Y PATTERN SRT,Mould,Non AMC,Mechanical,,HIGH,,Manikandan,Production,Yes,ON,,,,,No,,
MOULD 79 - 6.50 x 10 - Y PATTERN SRT,SRT mould,ETL-GPD-SRT-MLD,,MLD79Y65010S,MOULD 79 - 6.50 x 10 - Y PATTERN SRT,Mould,Non AMC,Mechanical,,HIGH,,Manikandan,Production,Yes,ON,,,,,No,,
MOULD 80 - 6.50 x 10 - Y PATTERN SRT,SRT mould,ETL-GPD-SRT-MLD,,MLD80Y65010S,MOULD 80 - 6.50 x 10 - Y PATTERN SRT,Mould,Non AMC,Mechanical,,HIGH,,Manikandan,Production,Yes,ON,,,,,No,,
MOULD 801A - 5.00 - 8 - TUBE,Mould tube,ETL-GPD-TUB-MLD,,MLD801A58T,MOULD 801A - 5.00 - 8 - TUBE,Mould,Non AMC,Mechanical,,HIGH,,Admin,Production,No,ON,,,,,No,,
MOULD 801B - 5.00 - 8 - TUBE,Mould tube,ETL-GPD-TUB-MLD,,MLD801B58T,MOULD 801B - 5.00 - 8 - TUBE,Mould,Non AMC,Mechanical,,HIGH,,Admin,Production,No,ON,,,,,No,,
MOULD 802A - 18 x 7 - 8- TUBE,Mould tube,ETL-GPD-TUB-MLD,,MLD802A1878T,MOULD 802A - 18 x 7 - 8- TUBE,Mould,Non AMC,Mechanical,,HIGH,,Admin,Production,No,ON,,,,,No,,
MOULD 803A - 6.00 - 9 - TUBE,Mould tube,ETL-GPD-TUB-MLD,,MLD803A69T,MOULD 803A - 6.00 - 9 - TUBE,Mould,Non AMC,Mechanical,,HIGH,,Admin,Production,No,ON,,,,,No,,
MOULD 803B - 6.00 - 9 - TUBE,Mould tube,ETL-GPD-TUB-MLD,,MLD803B69T,MOULD 803B - 6.00 - 9 - TUBE,Mould,Non AMC,Mechanical,,HIGH,,Admin,Production,No,ON,,,,,No,,
MOULD 804A - 6.50 - 10 - TUBE,Mould tube,ETL-GPD-TUB-MLD,,MLD804A65010T,MOULD 804A - 6.50 - 10 - TUBE,Mould,Non AMC,Mechanical,,HIGH,,Admin,Production,No,ON,,,,,No,,
MOULD 804B - 6.50 - 10 - TUBE,Mould tube,ETL-GPD-TUB-MLD,,MLD804B65010T,MOULD 804B - 6.50 - 10 - TUBE,Mould,Non AMC,Mechanical,,HIGH,,Admin,Production,No,ON,,,,,No,,
MOULD 805A - 23 x 9 - 10 - TUBE,Mould tube,ETL-GPD-TUB-MLD,,MLD805A23910T,MOULD 805A - 23 x 9 - 10 - TUBE,Mould,Non AMC,Mechanical,,HIGH,,Admin,Production,No,ON,,,,,No,,
MOULD 806A - 7.00 - 12 - TUBE,Mould tube,ETL-GPD-TUB-MLD,,MLD806A712T,MOULD 806A - 7.00 - 12 - TUBE,Mould,Non AMC,Mechanical,,HIGH,,Admin,Production,No,ON,,,,,No,,
MOULD 806B - 7.00 - 12 - TUBE,Mould tube,ETL-GPD-TUB-MLD,,MLD806B712T,MOULD 806B - 7.00 - 12 - TUBE,Mould,Non AMC,Mechanical,,HIGH,,Admin,Production,No,ON,,,,,No,,
MOULD 807A - 7.00 -15 - TUBE,Mould tube,ETL-GPD-TUB-MLD,,MLD807A715T,MOULD 807A - 7.00 -15 - TUBE,Mould,Non AMC,Mechanical,,HIGH,,Admin,Production,No,ON,,,,,No,,
MOULD 808A - 8.25 -15 - TUBE,Mould tube,ETL-GPD-TUB-MLD,,MLD808A82515T,MOULD 808A - 8.25 -15 - TUBE,Mould,Non AMC,Mechanical,,HIGH,,Admin,Production,No,ON,,,,,No,,
MOULD 809A -  7.50 - 16 - TUBE,Mould tube,ETL-GPD-TUB-MLD,,MLD809A75016T,MOULD 809A -  7.50 - 16 - TUBE,Mould,Non AMC,Mechanical,,HIGH,,Admin,Production,No,ON,,,,,No,,
MOULD 81 - 6.50 x 10 - Y PATTERN SRT,SRT mould,ETL-GPD-SRT-MLD,,MLD81Y65010S,MOULD 81 - 6.50 x 10 - Y PATTERN SRT,Mould,Non AMC,Mechanical,,HIGH,,Manikandan,Production,Yes,ON,,,,,No,,
MOULD 810A - 250 -15 - TUBE,Mould tube,ETL-GPD-TUB-MLD,,MLD810A25015T,MOULD 810A - 250 -15 - TUBE,Mould,Non AMC,Mechanical,,HIGH,,Admin,Production,No,ON,,,,,No,,
MOULD 811A - 27 x 10 -12 - TUBE,Mould tube,ETL-GPD-TUB-MLD,,MLD811A271012T,MOULD 811A - 27 x 10 -12 - TUBE,Mould,Non AMC,Mechanical,,HIGH,,Admin,Production,No,ON,,,,,No,,
MOULD 819C - 3.25 -16 - TUBE,Mould tube,ETL-GPD-TUB-MLD,,MLD819C32516T,MOULD 819C - 3.25 -16 - TUBE,Mould,Non AMC,Mechanical,,HIGH,,Admin,Production,No,ON,,,,,No,,
MOULD 819D - 3.25 -16 - TUBE,Mould tube,ETL-GPD-TUB-MLD,,MLD819D32516T,MOULD 819D - 3.25 -16 - TUBE,Mould,Non AMC,Mechanical,,HIGH,,Admin,Production,No,ON,,,,,No,,
MOULD 82 - 6.50 x 10 - Y PATTERN SRT,SRT mould,ETL-GPD-SRT-MLD,,MLD82Y65010S,MOULD 82 - 6.50 x 10 - Y PATTERN SRT,Mould,Non AMC,Mechanical,,HIGH,,Manikandan,Production,Yes,ON,,,,,No,,
MOULD 824A - 5.00 / 6.00 - 12 - TUBE,Mould tube,ETL-GPD-TUB-MLD,,MLD824A50060012T,MOULD 824A - 5.00 / 6.00 - 12 - TUBE,Mould,Non AMC,Mechanical,,HIGH,,Admin,Production,No,ON,,,,,No,,
MOULD 824B - 5.00 / 6.00 - 12 - TUBE,Mould tube,ETL-GPD-TUB-MLD,,MLD824B50060012T,MOULD 824B - 5.00 / 6.00 - 12 - TUBE,Mould,Non AMC,Mechanical,,HIGH,,Admin,Production,No,ON,,,,,No,,
MOULD 827A - 23 x 10 -12 - TUBE,Mould tube,ETL-GPD-TUB-MLD,,MLD827A231012T,MOULD 827A - 23 x 10 -12 - TUBE,Mould,Non AMC,Mechanical,,HIGH,,Admin,Production,No,ON,,,,,No,,
MOULD 83 - 6.50 x 10 - Y PATTERN SRT,SRT mould,ETL-GPD-SRT-MLD,,MLD83Y65010S,MOULD 83 - 6.50 x 10 - Y PATTERN SRT,Mould,Non AMC,Mechanical,,HIGH,,Manikandan,Production,Yes,ON,,,,,No,,
MOULD 830A - 7.00 / 7.50 - 15 - TUBE,Mould tube,ETL-GPD-TUB-MLD,,MLD830A70075015T,MOULD 830A - 7.00 / 7.50 - 15 - TUBE,Mould,Non AMC,Mechanical,,HIGH,,Admin,Production,No,ON,,,,,No,,
MOULD 832A - 7.00 / 7.50R - 16 - TUBE,Mould tube,ETL-GPD-TUB-MLD,,MLD832A700750R16T,MOULD 832A - 7.00 / 7.50R - 16 - TUBE,Mould,Non AMC,Mechanical,,HIGH,,Admin,Production,No,ON,,,,,No,,
MOULD 836A - 21 x 8 - 9 - TUBE,Mould tube,ETL-GPD-TUB-MLD,,MLD836A2189,MOULD 836A - 21 x 8 - 9 - TUBE,Mould,Non AMC,Mechanical,,HIGH,,Admin,Production,No,ON,,,,,No,,
MOULD 839A - 12.00 - 24 - TUBE,Mould tube,ETL-GPD-TUB-MLD,,MLD839A120024T,MOULD 839A - 12.00 - 24 - TUBE,Mould,Non AMC,Mechanical,,HIGH,,Admin,Production,No,ON,,,,,No,,
MOULD 84 - 6.50 x 10 - Y PATTERN SRT,SRT mould,ETL-GPD-SRT-MLD,,MLD84Y65010S,MOULD 84 - 6.50 x 10 - Y PATTERN SRT,Mould,Non AMC,Mechanical,,HIGH,,Manikandan,Production,Yes,ON,,,,,No,,
MOULD 840A - 11.00 / 12.00 - 24 - TUBE,Mould tube,ETL-GPD-TUB-MLD,,MLD840A1100120024T,MOULD 840A - 11.00 / 12.00 - 24 - TUBE,Mould,Non AMC,Mechanical,,HIGH,,Admin,Production,No,ON,,,,,No,,
MOULD 843A -  9.00 - 16 - TUBE,Mould tube,ETL-GPD-TUB-MLD,,MLD843A916T,MOULD 843A -  9.00 - 16 - TUBE,Mould,Non AMC,Mechanical,,HIGH,,Admin,Production,No,ON,,,,,No,,
MOULD 845A - 6.00 / 6.50 - 16 - TUBE,Mould tube,ETL-GPD-TUB-MLD,,MLD845A60065016T,MOULD 845A - 6.00 / 6.50 - 16 - TUBE,Mould,Non AMC,Mechanical,,HIGH,,Admin,Production,No,ON,,,,,No,,
MOULD 845B - 6.00 / 6.50 - 16 - TUBE,Mould tube,ETL-GPD-TUB-MLD,,MLD845B60065016T,MOULD 845B - 6.00 / 6.50 - 16 - TUBE,Mould,Non AMC,Mechanical,,HIGH,,Admin,Production,No,ON,,,,,No,,
MOULD 85 - 6.50 x 10 - Y PATTERN SRT,SRT mould,ETL-GPD-SRT-MLD,,MLD85Y65010S,MOULD 85 - 6.50 x 10 - Y PATTERN SRT,Mould,Non AMC,Mechanical,,HIGH,,Manikandan,Production,Yes,ON,,,,,No,,
MOULD 852A - 11.00 - 20 - TUBE,Mould tube,ETL-GPD-TUB-MLD,,MLD852A110020T,MOULD 852A - 11.00 - 20 - TUBE,Mould,Non AMC,Mechanical,,HIGH,,Admin,Production,No,ON,,,,,No,,
MOULD 852B - 11.00 - 20 - TUBE,Mould tube,ETL-GPD-TUB-MLD,,MLD852B110020T,MOULD 852B - 11.00 - 20 - TUBE,Mould,Non AMC,Mechanical,,HIGH,,Admin,Production,No,ON,,,,,No,,
MOULD 853C - 2.50 -17 - TUBE,Mould tube,ETL-GPD-TUB-MLD,,MLD853C25017T,MOULD 853C - 2.50 -17 - TUBE,Mould,Non AMC,Mechanical,,HIGH,,Admin,Production,No,ON,,,,,No,,
MOULD 853D - 2.50 -17 - TUBE,Mould tube,ETL-GPD-TUB-MLD,,MLD853D25017T,MOULD 853D - 2.50 -17 - TUBE,Mould,Non AMC,Mechanical,,HIGH,,Admin,Production,No,ON,,,,,No,,
MOULD 856C - 3.00 -18 - TUBE,Mould tube,ETL-GPD-TUB-MLD,,MLD856C30018T,MOULD 856C - 3.00 -18 - TUBE,Mould,Non AMC,Mechanical,,HIGH,,Admin,Production,No,ON,,,,,No,,
MOULD 856D - 3.00 -18 - TUBE,Mould tube,ETL-GPD-TUB-MLD,,MLD856D30018T,MOULD 856D - 3.00 -18 - TUBE,Mould,Non AMC,Mechanical,,HIGH,,Admin,Production,No,ON,,,,,No,,
MOULD 857C - 3.50 -18 - TUBE,Mould tube,ETL-GPD-TUB-MLD,,MLD857C35018T,MOULD 857C - 3.50 -18 - TUBE,Mould,Non AMC,Mechanical,,HIGH,,Admin,Production,No,ON,,,,,No,,
MOULD 857D - 3.50 -18 - TUBE,Mould tube,ETL-GPD-TUB-MLD,,MLD857D35018T,MOULD 857D - 3.50 -18 - TUBE,Mould,Non AMC,Mechanical,,HIGH,,Admin,Production,No,ON,,,,,No,,
MOULD 86 - 6.50 x 10 - G PATTERN SRT,SRT mould,ETL-GPD-SRT-MLD,,MLD86G65010S,MOULD 86 - 6.50 x 10 - G PATTERN SRT,Mould,Non AMC,Mechanical,,HIGH,,Manikandan,Production,Yes,ON,,,,,No,,
MOULD 860A - 10.00 - 20 - TUBE,Mould tube,ETL-GPD-TUB-MLD,,MLD860A100020T,MOULD 860A - 10.00 - 20 - TUBE,Mould,Non AMC,Mechanical,,HIGH,,Admin,Production,No,ON,,,,,No,,
MOULD 860B - 10.00 - 20 - TUBE,Mould tube,ETL-GPD-TUB-MLD,,MLD860B100020T,MOULD 860B - 10.00 - 20 - TUBE,Mould,Non AMC,Mechanical,,HIGH,,Admin,Production,No,ON,,,,,No,,
MOULD 861A - 12.00 - 20 - TUBE,Mould tube,ETL-GPD-TUB-MLD,,MLD861A120020T,MOULD 861A - 12.00 - 20 - TUBE,Mould,Non AMC,Mechanical,,HIGH,,Admin,Production,No,ON,,,,,No,,
MOULD 862A -  9.00 - 20 - TUBE,Mould tube,ETL-GPD-TUB-MLD,,MLD862A90020T,MOULD 862A -  9.00 - 20 - TUBE,Mould,Non AMC,Mechanical,,HIGH,,Admin,Production,No,ON,,,,,No,,
MOULD 862B -  9.00 - 20 - TUBE,Mould tube,ETL-GPD-TUB-MLD,,MLD862B90020T,MOULD 862B -  9.00 - 20 - TUBE,Mould,Non AMC,Mechanical,,HIGH,,Admin,Production,No,ON,,,,,No,,
MOULD 866A - 16 x 6 - 8 - TUBE,Mould tube,ETL-GPD-TUB-MLD,,MLD866A1668T,MOULD 866A - 16 x 6 - 8 - TUBE,Mould,Non AMC,Mechanical,,HIGH,,Admin,Production,No,ON,,,,,No,,
MOULD 867A - 300 -15 - TUBE,Mould tube,ETL-GPD-TUB-MLD,,MLD867A30015T,MOULD 867A - 300 -15 - TUBE,Mould,Non AMC,Mechanical,,HIGH,,Admin,Production,No,ON,,,,,No,,
MOULD 868A - 14.00 - 20 - TUBE,Mould tube,ETL-GPD-TUB-MLD,,MLD868A140020T,MOULD 868A - 14.00 - 20 - TUBE,Mould,Non AMC,Mechanical,,HIGH,,Admin,Production,No,ON,,,,,No,,
MOULD 87 - 6.50 x 10 - G PATTERN SRT,SRT mould,ETL-GPD-SRT-MLD,,MLD87G65010S,MOULD 87 - 6.50 x 10 - G PATTERN SRT,Mould,Non AMC,Mechanical,,HIGH,,Manikandan,Production,Yes,ON,,,,,No,,
MOULD 872A - 8.15 -15 - TUBE,Mould tube,ETL-GPD-TUB-MLD,,MLD872A81515T,MOULD 872A - 8.15 -15 - TUBE,Mould,Non AMC,Mechanical,,HIGH,,Admin,Production,No,ON,,,,,No,,
MOULD 873A -  10 / 12 - 16.5 - TUBE,Mould tube,ETL-GPD-TUB-MLD,,MLD873A1012165T,MOULD 873A -  10 / 12 - 16.5 - TUBE,Mould,Non AMC,Mechanical,,HIGH,,Admin,Production,No,ON,,,,,No,,
MOULD 874A - 4.00 - 10 - TUBE,Mould tube,ETL-GPD-TUB-MLD,,MLD874A410T,MOULD 874A - 4.00 - 10 - TUBE,Mould,Non AMC,Mechanical,,HIGH,,Admin,Production,No,ON,,,,,No,,
MOULD 874B - 4.00 - 10 - TUBE,Mould tube,ETL-GPD-TUB-MLD,,MLD874B410T,MOULD 874B - 4.00 - 10 - TUBE,Mould,Non AMC,Mechanical,,HIGH,,Admin,Production,No,ON,,,,,No,,
MOULD 875A - 3.75 - 19 - TUBE,Mould tube,ETL-GPD-TUB-MLD,,MLD875A37519T,MOULD 875A - 3.75 - 19 - TUBE,Mould,Non AMC,Mechanical,,HIGH,,Admin,Production,No,ON,,,,,No,,
MOULD 875B- 3.75 - 19 - TUBE,Mould tube,ETL-GPD-TUB-MLD,,MLD875B37519T,MOULD 875B - 3.75 - 19 - TUBE,Mould,Non AMC,Mechanical,,HIGH,,Admin,Production,No,ON,,,,,No,,
MOULD 88 - 6.50 x 10 - G PATTERN SRT,SRT mould,ETL-GPD-SRT-MLD,,MLD88G65010S,MOULD 88 - 6.50 x 10 - G PATTERN SRT,Mould,Non AMC,Mechanical,,HIGH,,Manikandan,Production,Yes,ON,,,,,No,,
MOULD 89 - 6.50 x 10 - W PATTERN SRT,SRT mould,ETL-GPD-SRT-MLD,,MLD89W65010S,MOULD 89 - 6.50 x 10 - W PATTERN SRT,Mould,Non AMC,Mechanical,,HIGH,,Manikandan,Production,Yes,ON,,,,,No,,
MOULD 90 - 6.50 x 10 - G PATTERN SRT,SRT mould,ETL-GPD-SRT-MLD,,MLD90G65010S,MOULD 90 - 6.50 x 10 - G PATTERN SRT,Mould,Non AMC,Mechanical,,HIGH,,Manikandan,Production,Yes,ON,,,,,No,,
MOULD 91 - 6.50 x 10 - G PATTERN SRT,SRT mould,ETL-GPD-SRT-MLD,,MLD91G65010S,MOULD 91 - 6.50 x 10 - G PATTERN SRT,Mould,Non AMC,Mechanical,,HIGH,,Manikandan,Production,Yes,ON,,,,,No,,
MOULD 92 - 6.50 x 10 - G PATTERN SRT,SRT mould,ETL-GPD-SRT-MLD,,MLD92G65010S,MOULD 92 - 6.50 x 10 - G PATTERN SRT,Mould,Non AMC,Mechanical,,HIGH,,Manikandan,Production,Yes,ON,,,,,No,,
MOULD 93 - 6.50 x 10 - W PATTERN SRT,SRT mould,ETL-GPD-SRT-MLD,,MLD93W65010S,MOULD 93 - 6.50 x 10 - W PATTERN SRT,Mould,Non AMC,Mechanical,,HIGH,,Manikandan,Production,Yes,ON,,,,,No,,
MOULD 94 - 6.50 x 10 - W PATTERN SRT,SRT mould,ETL-GPD-SRT-MLD,,MLD94W65010S,MOULD 94 - 6.50 x 10 - W PATTERN SRT,Mould,Non AMC,Mechanical,,HIGH,,Manikandan,Production,Yes,ON,,,,,No,,
MOULD 95 -  23 x 9 - 10 - W PATTERN SRT,SRT mould,ETL-GPD-SRT-MLD,,MLD95W23910S,MOULD 95 -  23 x 9 - 10 - W PATTERN SRT,Mould,Non AMC,Mechanical,,HIGH,,Manikandan,Production,Yes,ON,,,,,No,,
MOULD 96 - 23 x 9 - 10  - Y PATTERN SRT,SRT mould,ETL-GPD-SRT-MLD,,MLD96Y23910S,MOULD 96 - 23 x 9 - 10  - Y PATTERN SRT,Mould,Non AMC,Mechanical,,HIGH,,Manikandan,Production,Yes,ON,,,,,No,,
MOULD 97 - 23 x 9 - 10 - Y PATTERN SRT,SRT mould,ETL-GPD-SRT-MLD,,MLD97Y23910S,MOULD 97 - 23 x 9 - 10 - Y PATTERN SRT,Mould,Non AMC,Mechanical,,HIGH,,Manikandan,Production,Yes,ON,,,,,No,,
MOULD 98 - 23 x 9 - 10 - Y PATTERN SRT,SRT mould,ETL-GPD-SRT-MLD,,MLD98Y23910S,MOULD 98 - 23 x 9 - 10 - Y PATTERN SRT,Mould,Non AMC,Mechanical,,HIGH,,Manikandan,Production,Yes,ON,,,,,No,,
MOULD 99 - 200 x 50 - 10 - G PATTERN   SRT,SRT mould,ETL-GPD-SRT-MLD,,MLD99G2005010S,MOULD 99 - 200 x 50 - 10 - G PATTERN   SRT,Mould,Non AMC,Mechanical,,HIGH,,Manikandan,Production,Yes,ON,,,,,No,,
MOULD123 - 27 x 10 - 12 - Y PATTERN SRT,SRT mould,ETL-GPD-SRT-MLD,,MLD123Y271012S,MOULD123 - 27 x 10 - 12 - Y PATTERN SRT,Mould,Non AMC,Mechanical,,HIGH,,Manikandan,Production,Yes,ON,,,,,No,,
MOULD146 - 300 x 15 - Y PATTERN SRT,SRT mould,ETL-GPD-SRT-MLD,,MLD146Y30015S,MOULD146 - 300 x 15 - Y PATTERN SRT,Mould,Non AMC,Mechanical,,HIGH,,Manikandan,Production,Yes,ON,,,,,No,,
MOULD155 - 11.00 x 20 - Y PATTERN SRT,SRT mould,ETL-GPD-SRT-MLD,,MLD155Y1120S,MOULD155 - 11.00 x 20 - Y PATTERN SRT,Mould,Non AMC,Mechanical,,HIGH,,Manikandan,Production,Yes,ON,,,,,No,,
MUFFLE FURNACE,Laboratory,ETL-GPD-LAB,,MUFFURLE01,MUFFLE FURNACE,Lab equipments,Non AMC,Mech-Elec,,HIGH,,Admin,Non production,Yes,ON,,,,,No,,
MULTI CELL AGEING OVEN,Laboratory,ETL-GPD-LAB,,AGIOVELE01,MULTI CELL AGEING OVEN,Lab equipments,Non AMC,Mech-Elec,,HIGH,,Admin,Non production,Yes,ON,,,,,No,,
OIL DOZING SYSTEM,MixingSection,ETL-GPD-MIX,,OILDOZ01,OIL DOZING SYSTEM,Dosing machine,Non AMC,Mech-Elec,,LOW,,Admin,Non production,No,ON,,,,,No,,
OIL FILTERATION MACHINE,SolidTyresSection,ETL-GPD-SRT,,OILFIL01,OIL FILTERATION MACHINE,Filteration machine,Non AMC,Mechanical,,LOW,,Manikandan,Production,No,ON,,,,,No,,
OZONE CHAMBER,Laboratory,ETL-GPD-LAB,,OZOCHALE01,OZONE CHAMBER,Lab equipments,Non AMC,Mech-Elec,,HIGH,,Admin,Non production,Yes,ON,,,,,No,,
PCI UNIT-01,Postcuringinflator,ETL-GPD-IPT-PCI,,PCIUN01,PCI UNIT-01,PCI,Others,Mech-Elec,,HIGH,,Nimeesh NP,Production,Yes,ON,,,,,No,,
PCI UNIT-02,Postcuringinflator,ETL-GPD-IPT-PCI,,PCIUN02,PCI UNIT-02,PCI,Others,Mech-Elec,,HIGH,,Nimeesh NP,Production,Yes,ON,,,,,No,,
PCI UNIT-03,Postcuringinflator,ETL-GPD-IPT-PCI,,PCIUN03,PCI UNIT-03,PCI,Others,Mech-Elec,,HIGH,,Nimeesh NP,Production,Yes,ON,,,,,No,,
PCI UNIT-04  (SINGLE CAVITY),Postcuringinflator,ETL-GPD-IPT-PCI,,PCIUN04,PCI UNIT-04  (SINGLE CAVITY),PCI,Others,Mech-Elec,,HIGH,,Nimeesh NP,Production,Yes,ON,,,,,No,,
PCI UNIT-05,Postcuringinflator,ETL-GPD-IPT-PCI,,PCIUN05,PCI UNIT-05,PCI,Others,Mech-Elec,,HIGH,,Nimeesh NP,Production,Yes,ON,,,,,No,,
PCI UNIT-06,Postcuringinflator,ETL-GPD-IPT-PCI,,PCIUN06,PCI UNIT-06,PCI,Others,Mech-Elec,,HIGH,,Nimeesh NP,Production,Yes,ON,,,,,No,,
PCI UNIT-07,Postcuringinflator,ETL-GPD-IPT-PCI,,PCIUN07,PCI UNIT-07,PCI,Others,Mech-Elec,,HIGH,,Nimeesh NP,Production,Yes,ON,,,,,No,,
PCI UNIT-08,Postcuringinflator,ETL-GPD-IPT-PCI,,PCIUN08,PCI UNIT-08,Post curing inflation,Others,Mech-Elec,,HIGH,,Nimeesh NP,Production,Yes,ON,,,,,No,,
PCI UNIT-09,Postcuringinflator,ETL-GPD-IPT-PCI,,PCIUN09,PCI UNIT-09,PCI,Others,Mech-Elec,,HIGH,,Nimeesh NP,Production,Yes,ON,,,,,No,,
PCI UNIT-10,Postcuringinflator,ETL-GPD-IPT-PCI,,PCIUN10,PCI UNIT-10,PCI,Others,Mech-Elec,,HIGH,,Nimeesh NP,Production,Yes,ON,,,,,No,,
PCI UNIT-11,Postcuringinflator,ETL-GPD-IPT-PCI,,PCIUN11,PCI UNIT-11,Post curing inflation,Others,Mech-Elec,,HIGH,,Nimeesh NP,Production,Yes,ON,,,,,No,,
PCI UNIT-12,Postcuringinflator,ETL-GPD-IPT-PCI,,PCIUN12,PCI UNIT-12,PCI,Others,Mech-Elec,,HIGH,,Nimeesh NP,Production,Yes,ON,,,,,No,,
PCI UNIT-13,Postcuringinflator,ETL-GPD-IPT-PCI,,PCIUN13,PCI UNIT-13,PCI,Others,Mech-Elec,,HIGH,,Nimeesh NP,Production,Yes,ON,,,,,No,,
PCI UNIT-14,Postcuringinflator,ETL-GPD-IPT-PCI,,PCIUN14,PCI UNIT-14,Post curing inflation,Others,Mech-Elec,,HIGH,,Nimeesh NP,Production,Yes,ON,,,,,No,,
PCI UNIT-15,Postcuringinflator,ETL-GPD-IPT-PCI,,PCIUN15,PCI UNIT-15,PCI,Others,Mech-Elec,,HIGH,,Nimeesh NP,Production,Yes,ON,,,,,No,,
PCI UNIT-16,Postcuringinflator,ETL-GPD-IPT-PCI,,PCIUN16,PCI UNIT-16,PCI,Others,Mech-Elec,,HIGH,,Nimeesh NP,Production,Yes,ON,,,,,No,,
PCI UNIT-17,Postcuringinflator,ETL-GPD-IPT-PCI,,PCIUN17,PCI UNIT-17,PCI,Others,Mech-Elec,,HIGH,,Nimeesh NP,Production,Yes,ON,,,,,No,,
PCI UNIT-18,Postcuringinflator,ETL-GPD-IPT-PCI,,PCIUN18,PCI UNIT-18,PCI,Others,Mech-Elec,,HIGH,,Nimeesh NP,Production,Yes,ON,,,,,No,,
PCI UNIT-19,Postcuringinflator,ETL-GPD-IPT-PCI,,PCIUN19,PCI UNIT-19,PCI,Others,Mech-Elec,,HIGH,,Nimeesh NP,Production,Yes,ON,,,,,No,,
PCI UNIT-20,Postcuringinflator,ETL-GPD-IPT-PCI,,PCIUN20,PCI UNIT-20,PCI,Others,Mech-Elec,,HIGH,,Nimeesh NP,Production,Yes,ON,,,,,No,,
PCI UNIT-21,Postcuringinflator,ETL-GPD-IPT-PCI,,PCIUN21,PCI UNIT-21,PCI,Others,Mech-Elec,,HIGH,,Nimeesh NP,Production,Yes,ON,,,,,No,,
PCI UNIT-22,Postcuringinflator,ETL-GPD-IPT-PCI,,PCIUN22,PCI UNIT-22,PCI,Others,Mech-Elec,,HIGH,,Nimeesh NP,Production,Yes,ON,,,,,No,,
PCI UNIT-23,Postcuringinflator,ETL-GPD-IPT-PCI,,PCIUN23,PCI UNIT-23,PCI,Others,Mech-Elec,,HIGH,,Nimeesh NP,Production,Yes,ON,,,,,No,,
PCI UNIT-24,Postcuringinflator,ETL-GPD-IPT-PCI,,PCIUN24,PCI UNIT-24,PCI,Others,Mech-Elec,,HIGH,,Nimeesh NP,Production,Yes,ON,,,,,No,,
PCI UNIT-25,Postcuringinflator,ETL-GPD-IPT-PCI,,PCIUN25,PCI UNIT-25,PCI,Others,Mech-Elec,,HIGH,,Nimeesh NP,Production,Yes,ON,,,,,No,,
PCI UNIT-26,Postcuringinflator,ETL-GPD-IPT-PCI,,PCIUN26,PCI UNIT-26,PCI,Others,Mech-Elec,,HIGH,,Nimeesh NP,Production,Yes,ON,,,,,No,,
PCI UNIT-27,Postcuringinflator,ETL-GPD-IPT-PCI,,PCIUN27,PCI UNIT-27,PCI,Others,Mech-Elec,,HIGH,,Nimeesh NP,Production,Yes,ON,,,,,No,,
PCI UNIT-28,Postcuringinflator,ETL-GPD-IPT-PCI,,PCIUN28,PCI UNIT-28,PCI,Others,Mech-Elec,,HIGH,,Nimeesh NP,Production,Yes,ON,,,,,No,,
PCI UNIT-29,Postcuringinflator,ETL-GPD-IPT-PCI,,PCIUN29,PCI UNIT-29,PCI,Others,Mech-Elec,,HIGH,,Nimeesh NP,Production,Yes,ON,,,,,No,,
PCI UNIT-30,Postcuringinflator,ETL-GPD-IPT-PCI,,PCIUN30,PCI UNIT-30,PCI,Others,Mech-Elec,,HIGH,,Nimeesh NP,Production,Yes,ON,,,,,No,,
PCI UNIT-31,Postcuringinflator,ETL-GPD-IPT-PCI,,PCIUN31,PCI UNIT-31,PCI,Others,Mech-Elec,,HIGH,,Nimeesh NP,Production,Yes,ON,,,,,No,,
PCI UNIT-32,Postcuringinflator,ETL-GPD-IPT-PCI,,PCIUN32,PCI UNIT-32,PCI,Others,Mech-Elec,,HIGH,,Nimeesh NP,Production,Yes,ON,,,,,No,,
PCI UNIT-33,Postcuringinflator,ETL-GPD-IPT-PCI,,PCIUN33,PCI UNIT-33,PCI,Others,Mech-Elec,,HIGH,,Nimeesh NP,Production,Yes,ON,,,,,No,,
PEDESTAL DRILLING MACHINE -1,Splitrimline,ETL-GPD-RIM-SR,,PEDDRIMAC01,PEDESTAL DRILLING MACHINE -1,Drilling Machine,Non AMC,Mech-Elec,,MEDIUM,,Admin,Production,Yes,ON,,16-Jul-2026,Monthly,20-Aug-2026,No,,
PEDESTAL DRILLING MACHINE -2,Splitrimline,ETL-GPD-RIM-SR,,PEDDRIMAC02,PEDESTAL DRILLING MACHINE -2,Drilling Machine,Non AMC,Mech-Elec,,MEDIUM,,Admin,Production,Yes,ON,,17-Jul-2026,,21-Aug-2026,No,,
PEDESTAL DRILLING MACHINE -3,Steelbandline,ETL-GPD-RIM-SB,,PEDDRIMAC03,PEDESTAL DRILLING MACHINE -3,Drilling Machine,Non AMC,Mech-Elec,,MEDIUM,,Admin,Production,Yes,ON,,18-Jul-2026,,15-Aug-2026,No,,
PEDESTAL DRILLING MACHINE -4,Steelbandline,ETL-GPD-RIM-SB,,PEDDRIMAC04,PEDESTAL DRILLING MACHINE -4,Drilling Machine,Non AMC,Mech-Elec,,MEDIUM,,Admin,Production,Yes,ON,,26-Jul-2026,,23-Aug-2026,No,,
PLUNGER ENERGY TESTING MACHINE,IndustrialPneumaticTyres,ETL-GPD-IPT,,PLUTES01P,PLUNGER ENERGY TESTING MACHINE,Testing machine,Others,Mech-Elec,,HIGH,,Nimeesh NP,Production,No,ON,,,,,No,,
PLUNGER TESTING MACHINE,IndustrialPneumaticTyres,ETL-GPD-IPT,,PLUTES01,PLUNGER TESTING MACHINE,Testing machine,Others,Mech-Elec,,HIGH,,Nimeesh NP,Production,Yes,ON,,22-Feb-2024,,,No,,
POCKET MAKING MACHINE FOR 9 INCH TYRE,IndustrialPneumaticTyres,ETL-GPD-IPT,,9POCMAKMAC01P,POCKET MAKING MACHINE FOR 9 INCH TYRE,Pocket making,Others,Mech-Elec,,HIGH,,Nimeesh NP,Production,Yes,ON,,,,,No,,
POWER PACK-1,SolidTyresSection,ETL-GPD-SRT,,POWPAK01,15--01,Power pack,Non AMC,Mechanical,Hydraulic,HIGH,,Manikandan,Production,No,OFF,,17-Jul-2026,,21-Aug-2026,No,,
POWER PACK-1,TubeSection,ETL-GPD-TUB,,POWPAK29,POWER PACK-29,Power pack,Non AMC,Hydraulic,,HIGH,,Admin,Production,No,ON,,18-Jul-2026,,15-Aug-2026,No,,
POWER PACK-10,SolidTyresSection,ETL-GPD-SRT,,POWPAK10,15--10,Power pack,Non AMC,Mechanical,Hydraulic,HIGH,,Manikandan,Production,No,ON,,26-Jul-2026,,23-Aug-2026,No,,
POWER PACK-11,SolidTyresSection,ETL-GPD-SRT,,POWPAK11,15--11,Power pack,Non AMC,Mechanical,Hydraulic,HIGH,,Manikandan,Production,No,ON,,26-Jul-2026,,23-Aug-2026,No,,
POWER PACK-12,SolidTyresSection,ETL-GPD-SRT,,POWPAK12,15--12,Power pack,Non AMC,Mechanical,Hydraulic,HIGH,,Manikandan,Production,No,ON,,02-Aug-2026,,,No,,
POWER PACK-13,SolidTyresSection,ETL-GPD-SRT,,POWPAK13,15--13,Power pack,Non AMC,Mechanical,Hydraulic,HIGH,,Manikandan,Production,No,ON,,02-Aug-2026,,,No,,
POWER PACK-14,SolidTyresSection,ETL-GPD-SRT,,POWPAK14,15--14,Power pack,Non AMC,Mechanical,Hydraulic,HIGH,,Manikandan,Production,No,ON,,12-Jul-2026,,09-Aug-2026,No,,
POWER PACK-15,SolidTyresSection,ETL-GPD-SRT,,POWPAK15,15--15,Power pack,Non AMC,Mechanical,Hydraulic,HIGH,,Manikandan,Production,No,ON,,12-Jul-2026,,09-Aug-2026,No,,
POWER PACK-16,SolidTyresSection,ETL-GPD-SRT,,POWPAK16,15--16,Power pack,Non AMC,Mechanical,Hydraulic,HIGH,,Manikandan,Production,No,ON,,19-Jul-2026,,16-Aug-2026,No,,
POWER PACK-17,SolidTyresSection,ETL-GPD-SRT,,POWPAK17,15--17,Power pack,Non AMC,Mechanical,Hydraulic,HIGH,,Manikandan,Production,No,ON,,19-Jul-2026,,16-Aug-2026,No,,
POWER PACK-18,SolidTyresSection,ETL-GPD-SRT,,POWPAK18,15--18,Power pack,Non AMC,Mechanical,Hydraulic,HIGH,,Manikandan,Production,No,ON,,26-Jul-2026,,23-Aug-2026,No,,
POWER PACK-19,SolidTyresSection,ETL-GPD-SRT,,POWPAK19,15--19,Power pack,Non AMC,Mechanical,Hydraulic,HIGH,,Manikandan,Production,No,ON,,26-Jul-2026,,23-Aug-2026,No,,
POWER PACK-2,SolidTyresSection,ETL-GPD-SRT,,POWPAK02,15--02,Power pack,Non AMC,Mechanical,Hydraulic,HIGH,,Manikandan,Production,No,ON,,18-Jul-2026,,15-Aug-2026,No,,
POWER PACK-2,TubeSection,ETL-GPD-TUB,,POWPAK30,POWER PACK-30,Power pack,Non AMC,Hydraulic,,HIGH,,Admin,Production,No,ON,,18-Jul-2026,,15-Aug-2026,No,,
POWER PACK-20,SolidTyresSection,ETL-GPD-SRT,,POWPAK20,15--20,Power pack,Non AMC,Mechanical,Hydraulic,HIGH,,Manikandan,Production,No,ON,,19-Jul-2026,,16-Aug-2026,No,,
POWER PACK-21,SolidTyresSection,ETL-GPD-SRT,,POWPAK21,15--21,Power pack,Non AMC,Mechanical,Hydraulic,HIGH,,Manikandan,Production,No,ON,,26-Jul-2026,,23-Aug-2026,No,,
POWER PACK-22,SolidTyresSection,ETL-GPD-SRT,,POWPAK22,15--22,Power pack,Non AMC,Mechanical,Hydraulic,HIGH,,Manikandan,Production,No,ON,,13-Jul-2026,,10-Aug-2026,No,,
POWER PACK-23,SolidTyresSection,ETL-GPD-SRT,,POWPAK23,15--23,Power pack,Non AMC,Mechanical,Hydraulic,HIGH,,Manikandan,Production,No,ON,,13-Jul-2026,,10-Aug-2026,No,,
POWER PACK-24,SolidTyresSection,ETL-GPD-SRT,,POWPAK24,15--24,Power pack,Non AMC,Mechanical,Hydraulic,HIGH,,Manikandan,Production,No,ON,,03-Aug-2026,,,No,,
POWER PACK-25,SolidTyresSection,ETL-GPD-SRT,,POWPAK25,15--25,Power pack,Non AMC,Mechanical,Hydraulic,HIGH,,Manikandan,Production,No,ON,,08-Jul-2026,,12-Aug-2026,No,,
POWER PACK-26,SolidTyresSection,ETL-GPD-SRT,,POWPAK26,15--26,Power pack,Non AMC,Mechanical,Hydraulic,HIGH,,Manikandan,Production,No,ON,,09-Jul-2026,,13-Aug-2026,No,,
POWER PACK-27,SolidTyresSection,ETL-GPD-SRT,,POWPAK27,15--27,Power pack,Non AMC,Mechanical,Hydraulic,HIGH,,Manikandan,Production,No,ON,,14-Jul-2026,Monthly,11-Aug-2026,No,,
POWER PACK-28,SolidTyresSection,ETL-GPD-SRT,,POWPAK28,15--28,Power pack,Non AMC,Mechanical,Hydraulic,HIGH,,Manikandan,Production,No,ON,,14-Jul-2026,,11-Aug-2026,No,,
POWER PACK-29 press,CuringLine-1,ETL-GPD-SRT-CUR-1,,POWPAK29P,15--29-(04-24-27),Power pack,Non AMC,Mechanical,Hydraulic,MEDIUM,,Manikandan,Production,Yes,ON,,,,,No,,
POWER PACK-29 Table,CuringLine-1,ETL-GPD-SRT-CUR-1,,POWPAK29T,15--29-(04-24-27),Power pack,Non AMC,Mechanical,Hydraulic,MEDIUM,,Manikandan,Production,Yes,ON,,,,,No,,
POWER PACK-3,SolidTyresSection,ETL-GPD-SRT,,POWPAK03,15--03,Power pack,Non AMC,Mechanical,Hydraulic,HIGH,,Manikandan,Production,No,ON,,27-Jul-2026,,24-Aug-2026,No,,
POWER PACK-30 press,CuringLine-1,ETL-GPD-SRT-CUR-1,,POWPAK30P,15--30-(04-28-30),Power pack,Non AMC,Mechanical,Hydraulic,MEDIUM,,Manikandan,Production,Yes,ON,,,,,No,,
POWER PACK-30 Table,CuringLine-1,ETL-GPD-SRT-CUR-1,,POWPAK30T,15--30-(04-28-30),Power pack,Non AMC,Mechanical,Hydraulic,MEDIUM,,Manikandan,Production,Yes,ON,,,,,No,,
POWER PACK-31 press,CuringLine-1,ETL-GPD-SRT-CUR-1,,POWPAK31P,15--31-(04-31-33),Power pack,Non AMC,Mechanical,Hydraulic,MEDIUM,,Manikandan,Production,Yes,ON,,,,,No,,
POWER PACK-31 Table,CuringLine-1,ETL-GPD-SRT-CUR-1,,POWPAK31T,15--31-(04-31-33),Power pack,Non AMC,Mechanical,Hydraulic,MEDIUM,,Manikandan,Production,Yes,ON,,,,,No,,
POWER PACK-32 press,CuringLine-1,ETL-GPD-SRT-CUR-1,,POWPAK32P,15--32-(04-34-36),Power pack,Non AMC,Mechanical,Hydraulic,MEDIUM,,Manikandan,Production,Yes,ON,,,,,No,,
POWER PACK-32 Table,CuringLine-1,ETL-GPD-SRT-CUR-1,,POWPAK32T,15--32-(04-34-36),Power pack,Non AMC,Mechanical,Hydraulic,MEDIUM,,Manikandan,Production,Yes,ON,,,,,No,,
POWER PACK-33 press,CuringLine-1,ETL-GPD-SRT-CUR-1,,POWPAK33P,15--33-(04-37-39),Power pack,Non AMC,Mechanical,Hydraulic,MEDIUM,,Manikandan,Production,Yes,ON,,,,,No,,
POWER PACK-33 Table,CuringLine-1,ETL-GPD-SRT-CUR-1,,POWPAK33T,15--33-(04-37-39),Power pack,Non AMC,Mechanical,Hydraulic,MEDIUM,,Manikandan,Production,Yes,ON,,,,,No,,
POWER PACK-34 press,CuringLine-1,ETL-GPD-SRT-CUR-1,,POWPAK34P,15--34-(04-40-41),Power pack,Non AMC,Mechanical,Hydraulic,MEDIUM,,Manikandan,Production,Yes,ON,,,,,No,,
POWER PACK-34 Table,CuringLine-1,ETL-GPD-SRT-CUR-1,,POWPAK34T,15--34-(04-40-41),Power pack,Non AMC,Mechanical,Hydraulic,MEDIUM,,Manikandan,Production,Yes,ON,,,,,No,,
POWER PACK-4,SolidTyresSection,ETL-GPD-SRT,,POWPAK04,15--04,Power pack,Non AMC,Mechanical,Hydraulic,HIGH,,Manikandan,Production,No,ON,,28-Jul-2026,,25-Aug-2026,No,,
POWER PACK-5,SolidTyresSection,ETL-GPD-SRT,,POWPAK05,15--05,Power pack,Non AMC,Mechanical,Hydraulic,HIGH,,Manikandan,Production,No,ON,,22-Jul-2026,,26-Aug-2026,No,,
POWER PACK-6,SolidTyresSection,ETL-GPD-SRT,,POWPAK06,15--06,Power pack,Non AMC,Mechanical,Hydraulic,HIGH,,Manikandan,Production,No,ON,,23-Jul-2026,,27-Aug-2026,No,,
POWER PACK-7,SolidTyresSection,ETL-GPD-SRT,,POWPAK07,15--07,Power pack,Non AMC,Mechanical,Hydraulic,HIGH,,Manikandan,Production,No,ON,,24-Jul-2026,,28-Aug-2026,No,,
POWER PACK-8,SolidTyresSection,ETL-GPD-SRT,,POWPAK08,15--08,Power pack,Non AMC,Mechanical,Hydraulic,HIGH,,Manikandan,Production,No,ON,,25-Jul-2026,Monthly,22-Aug-2026,No,,
POWER PACK-9,SolidTyresSection,ETL-GPD-SRT,,POWPAK09,15--09,Power pack,Non AMC,Mechanical,Hydraulic,HIGH,,Manikandan,Production,No,ON,,02-Aug-2026,,,No,,
RADIAL DRILLING MACHINE,Splitrimline,ETL-GPD-RIM-SR,,RADDRIMAC01,RADIAL DRILLING MACHINE,Drilling Machine,Non AMC,Mech-Elec,,HIGH,,Admin,Production,Yes,ON,,27-Jul-2026,Monthly,24-Aug-2026,No,,
REFRACTIVE INDEX,Instruments LAB,ETL-GPD-LAB-MIS,,REFINFLE01,REFRACTIVE INDEX,Instruments,Non AMC,Instrument,,HIGH,,Admin,Non production,Yes,ON,,,,,No,,
SEALING MACHINE -1,Sealingmachine,ETL-GPD-TUB-SEAL,,SEAMAC01,SEALING MACHINE -1,Sealing machine,Non AMC,Mech-Elec,,MEDIUM,,Admin,Production,Yes,ON,,,,,No,,
SEALING MACHINE -2,Sealingmachine,ETL-GPD-TUB-SEAL,,SEAMAC02,SEALING MACHINE -2,Sealing machine,Non AMC,Mech-Elec,,MEDIUM,,Admin,Production,Yes,ON,,,,,No,,
SEALING MACHINE-3,Sealingmachine,ETL-GPD-TUB-SEAL,,SEAMAC03,SEALING MACHINE-3,Sealing machine,Non AMC,Mech-Elec,,MEDIUM,,Admin,Production,No,ON,,,,,No,,
SERVICER UNIT - 4 PLY,IndustrialPneumaticTyres,ETL-GPD-IPT,,4PSERUNI01P,SERVICER UNIT - 4 PLY,Servicer,Others,Mech-Elec,,HIGH,,Nimeesh NP,Production,No,ON,,,,,No,,
SERVICER UNIT - 4 PLY,IndustrialPneumaticTyres,ETL-GPD-IPT,,4PSERUNI02P,SERVICER UNIT - 4 PLY,Servicer,Others,Mech-Elec,,HIGH,,Nimeesh NP,Production,No,ON,,,,,No,,
SERVICER UNIT - 4 PLY,IndustrialPneumaticTyres,ETL-GPD-IPT,,4PSERUNI03P,SERVICER UNIT - 4 PLY,Servicer,Others,Mech-Elec,,HIGH,,Nimeesh NP,Production,No,ON,,,,,No,,
SHOT BLAST MOULD CLEAN MACHINE,SolidTyresSection,ETL-GPD-SRT,,SHOBLAMLD01,SHOT BLAST MOULD CLEAN MACHINE,Shot blasting,Non AMC,Mech-Elec,,HIGH,,Manikandan,Production,Yes,ON,,02-Aug-2026,,09-Aug-2026,No,,
SHOT BLASTING MACHINE,SolidTyresSection,ETL-GPD-SRT,,SHOBLA01,SHOT BLASTING MACHINE,Shot blasting,Non AMC,Mech-Elec,,HIGH,,Sundaram,Production,Yes,OFF,,02-Aug-2026,,09-Aug-2026,No,,
SIEVE,Instruments LAB,ETL-GPD-LAB-MIS,,SIELE01,SIEVE,Instruments,Non AMC,Instrument,,HIGH,,Admin,Non production,Yes,ON,,,,,No,,
SIZE PRINTING MACHINE,TubeSection,ETL-GPD-TUB,,SIZPRIMAC01,SIZE PRINTING MACHINE,Printing machine,Non AMC,Electrical,,MEDIUM,,Admin,Production,No,ON,,,,,No,,
SKIVING UNIT WITH CONVEYOR,IndustrialPneumaticTyres,ETL-GPD-IPT,,SKI01P,SKIVING UNIT WITH CONVEYOR,Skiver,Others,Mech-Elec,,HIGH,,Nimeesh NP,Production,Yes,OFF,,,,,No,,
SMALL CHEMICAL BATCHING SYSTEM - 02,MixingSection,ETL-GPD-MIX,,SCBS02,SMALL CHEMICAL BATCHING SYSTEM - 02 - MESNAC - 2025,SMALL CHEMICAL WEIGHING,Non AMC,Mechanical,SMALL CHEMICAL BATCHING SYSTEM,HIGH,,Nimeesh NP,Production,Yes,ON,,,,,No,,
SMALL CHEMICAL BATCHING SYSTEM - 03,MixingSection,ETL-GPD-MIX,,SCBS03,SMALL CHEMICAL BATCHING SYSTEM - 03 - MESNAC - 2025,SMALL CHEMICAL WEIGHING,Non AMC,Mechanical,SMALL CHEMICAL BATCHING SYSTEM,HIGH,,Nimeesh NP,Production,Yes,ON,,,,,No,,
SPLICING MACHINE - 01,TubeSection,ETL-GPD-TUB,,SPLMAC01,SPLICING MACHINE - 01,Sealing machine,Non AMC,Mech-Elec,,HIGH,,Admin,Production,No,OFF,,21-Jun-2026,,16-Aug-2026,No,,
SPLICING MACHINE - 04,TubeSection,ETL-GPD-TUB,,SPLMAC02,SPLICING MACHINE - 04,Sealing machine,Non AMC,Mech-Elec,,HIGH,,Admin,Production,No,ON,,21-Jun-2026,BI Monthly - TS-108-03 SPLICING M/C,16-Aug-2026,No,,
SPLICING MACHINE - 05,Splicing,ETL-GPD-TUB-SPL,,SPLCMC05,SPLICING MACHINE 05 L&T 2025,SPLICING MACHINE,Non AMC,Mechanical,SPLICING MACHINE,HIGH,,Nimeesh NP,Production,Yes,OFF,,,,,No,,
"STANDARD FORMERS 10""",Tyrebuilding,ETL-GPD-SRT-TBL,,10STAFOR01,"STANDARD FORMERS 10""",Formers,Non AMC,Mechanical,,MEDIUM,,Manikandan,Production,No,ON,,,,,No,,
"STANDARD FORMERS 8""",Tyrebuilding,ETL-GPD-SRT-TBL,,8STAFOR01,"STANDARD FORMERS 8""",Formers,Non AMC,Mechanical,,MEDIUM,,Manikandan,Production,No,ON,,,,,No,,
STEAM PIPE LINES,IndustrialPneumaticTyres,ETL-GPD-IPT,,STEPIPLIN01P,STEAM PIPE LINES,Steam line,Others,Mech-Elec,,HIGH,,Nimeesh NP,Production,No,ON,,,,,No,,
STITCHING MACHINE - 01,TubeSection,ETL-GPD-TUB,,STIMAC01,STITCHING MACHINE - 01,Stitching Machine,Non AMC,Mech-Elec,,HIGH,,Admin,Production,No,ON,,,,,No,,
STOCK BLENDER,MixingSection,ETL-GPD-MIX,,STOBLE01,STOCK BLENDER-1,Blender,Non AMC,Mech-Elec,,MEDIUM,,Admin,Production,Yes,ON,,,,,No,,
STOCK BLENDER,MixingSection,ETL-GPD-MIX,,STOBLE02,STOCK BLENDER-2,Blender,Non AMC,Mech-Elec,,MEDIUM,,Admin,Production,Yes,ON,,,,,No,,
STRAPPING MACHINE,TubeSection,ETL-GPD-TUB,,STRMAC01,STRAPPING MACHINE,Strapping machine,Non AMC,Mech-Elec,,MEDIUM,,Admin,Production,No,ON,,,,,No,,
TEMPERATURE CONTROL UNIT (TCU),InterMixerLine,ETL-GPD-MIX-INTMX,,TCU01,TEMPERATURE CONTROL UNIT (TCU),INTERMIXER,Non AMC,Mechanical,TEMPERATURE CONTROL UNIT,HIGH,,Nimeesh NP,Production,Yes,ON,,,,,No,,
TENSILE TESTER  - MANUAL,Instruments LAB,ETL-GPD-LAB-MIS,,TENTESLE01,TENSILE TESTER  - MANUAL,Instruments,Non AMC,Instrument,,HIGH,,Admin,Non production,Yes,ON,,,,,No,,
TRANSFER CART-1,Transfercart,ETL-GPD-SRT-TRFC,,TRACAR01,TRANSFER CART-1,Transfer cart,Non AMC,Mech-Elec,,HIGH,,Manikandan,Production,Yes,OFF,,,,09-Aug-2026,No,,
TRANSFER CART-2,Transfercart,ETL-GPD-SRT-TRFC,,TRACAR02,TRANSFER CART-2,Transfer cart,Non AMC,Mech-Elec,,HIGH,,Manikandan,Production,Yes,OFF,,,,09-Aug-2026,No,,
TRANSFER CART-3,Transfercart,ETL-GPD-SRT-TRFC,,TRACAR03,TRANSFER CART-3,Transfer cart,Non AMC,Mech-Elec,,HIGH,,Manikandan,Production,Yes,OFF,,,,09-Aug-2026,No,,
TRANSFER CART-4,SolidTyresSection,ETL-GPD-SRT,,TRACAR04,TRANSFER CART-4,Transfer cart,Non AMC,Mech-Elec,,HIGH,,Manikandan,Deleted,Yes,ON,,05-Sep-2021,,,No,,
TRANSFROMER 1600 KVA - 04,MixingSection,ETL-GPD-MIX,,TRNSFRMR1600KVA04,TRANSFROMER 1600 KVA - KIRLOSKAR  - 04,TRANSFORMER,Non AMC,Electrical,TRANSFORMER 1600 KVA,HIGH,,Nimeesh NP,Production,Yes,ON,,,,,No,,
TREAD CODING MACHINE,IndustrialPneumaticTyres,ETL-GPD-IPT,,TRECOD01P,TREAD CODING MACHINE,Tread coding,Others,Mech-Elec,,HIGH,,Nimeesh NP,Production,No,ON,,,,,No,,
TREAD COOLING LINE CONVEYOR SYSTEM - 15 MTRS EXTENSION,IndustrialPneumaticTyres,ETL-GPD-IPT,,TRECOO01EXT15P,TREAD COOLING LINE CONVEYOR SYSTEM - 15 MTRS EXTENSION,Conveyor,Others,Mech-Elec,,HIGH,,Nimeesh NP,Production,No,ON,,,,,No,,
TRIMMING MACHINE-01,IndustrialPneumaticTyres,ETL-GPD-IPT,,TRMMAC01,TRIMMING MACHINE-01,Trimming machine,Others,Mech-Elec,,HIGH,,Nimeesh NP,Production,Yes,OFF,,01-Jul-2026,,05-Aug-2026,No,,
TRIMMING MACHINE-02,IndustrialPneumaticTyres,ETL-GPD-IPT,,TRMMAC02,TRIMMING MACHINE-02,Trimming machine,Others,Mech-Elec,,HIGH,,Nimeesh NP,Production,Yes,OFF,,09-Jul-2026,Monthly,13-Aug-2026,No,,
TRIMMING MACHINE-03,IndustrialPneumaticTyres,ETL-GPD-IPT,,TRMMAC03,TRIMMING MACHINE-03,Trimming machine,Others,Mech-Elec,,HIGH,,Nimeesh NP,Production,Yes,OFF,,17-Jul-2026,,21-Aug-2026,No,,
TROLLEY FOR BEAD PAINTING,IndustrialPneumaticTyres,ETL-GPD-IPT,,TROBEA01P,TROLLEY FOR BEAD PAINTING,Trolley,Others,Mech-Elec,,HIGH,,Nimeesh NP,Production,No,ON,,,,,No,,
TUBE ONLINE CONVEYOR COOLING UNIT,TubeSection,ETL-GPD-TUB,,TUONCONCOUN01,TUBE ONLINE CONVEYOR COOLING UNIT,Cooling Unit,Non AMC,Mechanical,,HIGH,,Admin,Production,No,ON,,,,,No,,
TUBE PRE CUTTING MACHINE-1,Cuttingmachine,ETL-GPD-TUB-CUT,,TUBPRECUT01,TUBE PRE CUTTING MACHINE-1,Cutting machine,Non AMC,Mech-Elec,,MEDIUM,,Admin,Production,Yes,ON,,,,,No,,
TUBE PRE CUTTING MACHINE-2,Cuttingmachine,ETL-GPD-TUB-CUT,,TUBPRECUT02,TUBE PRE CUTTING MACHINE-2,Cutting machine,Non AMC,Mech-Elec,,MEDIUM,,Admin,Production,Yes,ON,,,,,No,,
TYRE BUFFING MACHINE-1,SolidTyresSection,ETL-GPD-SRT,,TYRBUF01,TYRE BUFFING MACHINE-1,Tyre buffering machine,Non AMC,Mechanical,,LOW,,Manikandan,Production,Yes,ON,,,,,No,,
TYRE BUFFING MACHINE-2,SolidTyresSection,ETL-GPD-SRT,,TYRBUF02,TYRE BUFFING MACHINE-2,Tyre buffering machine,Non AMC,Mechanical,,LOW,,Manikandan,Production,Yes,ON,,,,,No,,
TYRE BUILDING -13,Tyrebuilding,ETL-GPD-IPT-TBL,,TBM13,TYRE BUILDING,Tyre Building Machine,Others,Mech-Elec,,HIGH,,Nimeesh NP,Production,Yes,ON,,09-Jul-2026,,,No,,
TYRE BUILDING MACHINE,Tyrebuilding,ETL-GPD-IPT-TBL,,TBM011,TYRE BUILDING MACHINE,Building,Non AMC,Mech-Elec,,HIGH,,Nimeesh NP,Production,Yes,ON,,28-Nov-2023,,,No,,
TYRE BUILDING MACHINE 28 - 18,Tyrebuilding,ETL-GPD-IPT-TBL,,TBM2818SA15165,"TYRE BUILDING MACHINE 28 - 18 SEMI AUTOMATIC FOR SIZES 15"" - 16.5""",Building,Non AMC,Mechanical,TYRE BUILDING MACHINE,HIGH,,Nimeesh NP,Production,Yes,OFF,,,,,No,,
TYRE BUILDING MACHINE 28 - 19,Tyrebuilding,ETL-GPD-IPT-TBL,,TBM2819SA912,"TYRE BUILDING MACHINE 28 - 19 SEMI AUTOMATIC FOR SIZES 9"" - 12""",Building,Non AMC,Mechanical,TYRE BUILDING MACHINE,HIGH,,Nimeesh NP,Production,Yes,OFF,,,,,No,,
TYRE BUILDING MACHINE-(28-02) RB-1,Tyrebuilding,ETL-GPD-IPT-TBL,,TBM02,TYRE BUILDING MACHINE-(28-02) RB-1,Tyre building,Others,Mech-Elec,,HIGH,,Nimeesh NP,Production,Yes,ON,,19-Jun-2026,,21-Aug-2026,No,,
TYRE BUILDING MACHINE-(28-03) RB-3,Tyrebuilding,ETL-GPD-IPT-TBL,,TBM03,TYRE BUILDING MACHINE-(28-03) RB-3,Tyre building,Others,Mech-Elec,,HIGH,,Nimeesh NP,Production,Yes,ON,,27-Jun-2026,,22-Aug-2026,No,,
TYRE BUILDING MACHINE-(28-04) RB-3,Tyrebuilding,ETL-GPD-IPT-TBL,,TBM04,TYRE BUILDING MACHINE-(28-04) RB-3,Tyre building,Others,Mech-Elec,,HIGH,,Nimeesh NP,Production,Yes,OFF,,03-Aug-2026,,,No,,
TYRE BUILDING MACHINE-(28-05) RB-3,Tyrebuilding,ETL-GPD-IPT-TBL,,TBM05,TYRE BUILDING MACHINE-(28-05) RB-3,Tyre building,Others,Mech-Elec,,HIGH,,Nimeesh NP,Production,Yes,OFF,,09-Jun-2026,,11-Aug-2026,No,,
TYRE BUILDING MACHINE-(28-06) RB-3,Tyrebuilding,ETL-GPD-IPT-TBL,,TBM06,TYRE BUILDING MACHINE-(28-06) RB-3,Tyre building,Others,Mech-Elec,,HIGH,,Nimeesh NP,Production,Yes,OFF,,17-Jun-2026,,19-Aug-2026,No,,
TYRE BUILDING MACHINE-28-01 RB-1,Tyrebuilding,ETL-GPD-IPT-TBL,,TBM01,TYRE BUILDING MACHINE-28-01 RB-1,Tyre building,Others,Mech-Elec,,HIGH,,Nimeesh NP,Production,Yes,ON,,11-Jun-2026,,13-Aug-2026,No,,
TYRE BUILDING- (28-08) RB-3,Tyrebuilding,ETL-GPD-IPT-TBL,,TBM08,TYRE BUILDING- (28-08) RB-3,Tyre Building Machine,Others,Mech-Elec,,HIGH,,Nimeesh NP,Production,Yes,ON,,05-Jun-2026,BI Monthly,07-Aug-2026,No,,
TYRE BUILDING-(28-07) RB-3,Tyrebuilding,ETL-GPD-IPT-TBL,,TBM07,TYRE BUILDING-(28-07) RB-3,Tyre Building Machine,Others,Mech-Elec,,HIGH,,Nimeesh NP,Production,Yes,OFF,,25-Jun-2026,BI Monthly,27-Aug-2026,No,,
TYRE BUILDING-(28-09) RB-5,Tyrebuilding,ETL-GPD-IPT-TBL,,TBM09,TYRE BUILDING-(28-09) RB-5,Tyre Building Machine,Others,Mech-Elec,,HIGH,,Nimeesh NP,Production,Yes,ON,,13-Jun-2026,BI Monthly,08-Aug-2026,No,,
TYRE BUILDING-(28-10) RB-5,Tyrebuilding,ETL-GPD-IPT-TBL,,TBM10,TYRE BUILDING-(28-10) RB-5,Tyre Building Machine,Others,Mech-Elec,,HIGH,,Nimeesh NP,Production,Yes,ON,,20-Jul-2026,,,No,,
TYRE BUILDING-(28-11) RB-3,Tyrebuilding,ETL-GPD-IPT-TBL,,TBM11,TYRE BUILDING-(28-11) RB-3,Tyre Building Machine,Others,Mech-Elec,,HIGH,,Nimeesh NP,Production,Yes,ON,,28-Jul-2026,,,No,,
TYRE BUILDING-(28-12) RB-3,Tyrebuilding,ETL-GPD-IPT-TBL,,TBM12,TYRE BUILDING-(28-12) RB-3,Tyre Building Machine,Others,Mech-Elec,,HIGH,,Nimeesh NP,Production,Yes,ON,,01-Jul-2026,BI Monthly,02-Sep-2026,No,,
TYRE BUILDING-(28-14) RB-3,Tyrebuilding,ETL-GPD-IPT-TBL,,TBM14,TYRE BUILDING-(28-14) RB-3,Tyre Building Machine,Others,Mech-Elec,,HIGH,,Nimeesh NP,Production,Yes,OFF,,17-Jul-2026,,,No,,
TYRE BUILDING-(28-15) RB-1,Tyrebuilding,ETL-GPD-IPT-TBL,,TBM15,TYRE BUILDING-(28-15) RB-1,Tyre Building Machine,Others,Mech-Elec,,HIGH,,Nimeesh NP,Production,Yes,OFF,,25-Jul-2026,,,No,,
TYRE BUILDING-(28-16) RB-1,Tyrebuilding,ETL-GPD-IPT-TBL,,TBM16,TYRE BUILDING-(28-16) RB-1,Tyre Building Machine,Others,Mech-Elec,,HIGH,,Nimeesh NP,Production,Yes,ON,,06-Jul-2026,,,No,,
TYRE BUILDING-(28-17) RB-1,Tyrebuilding,ETL-GPD-IPT-TBL,,TBM17,TYRE BUILDING-(28-17) RB-1,Tyre Building Machine,Others,Mech-Elec,,HIGH,,Nimeesh NP,Production,Yes,ON,,14-Jul-2026,,,No,,
TYRE CHANGER MACHINE,IndustrialPneumaticTyres,ETL-GPD-IPT,,TYRCHGMAC01,TYRE CHANGER MACHINE,Testing machine,Others,Mech-Elec,,MEDIUM,,Nimeesh NP,Production,No,ON,,12-Jun-2023,,,No,,
TYRE WRAPPING MACHINE,Utilities,ETL-GPD-UTL,,TYWRAMAC01,TYRE WRAPPING MACHINE,Tyre wrapping machine,Non AMC,Mechanical,,LOW,,Admin,Non production,Yes,ON,,,,,No,,
VACCUM FILTERATION PUMP,Instruments LAB,ETL-GPD-LAB-MIS,,VACFILPUMLE01,VACCUM FILTERATION PUMP,Instruments,Non AMC,Instrument,,HIGH,,Admin,Non production,Yes,ON,,,,,No,,
VACUUM PM,IndustrialPneumaticTyres,ETL-GPD-IPT,,VACPM02P,VACUUM PM,Vaccum,Others,Mech-Elec,,HIGH,,Nimeesh NP,Production,Yes,ON,,26-Jul-2026,,23-Aug-2026,No,,
VACUUM PUMP - 10 HP,TubeSection,ETL-GPD-TUB,,VACPUM02,VACUUM PUMP - 10 HP,Vaccum pump,Non AMC,Electrical,,MEDIUM,,Admin,Production,No,OFF,,18-Jul-2026,,15-Aug-2026,No,,
VACUUM PUMP - 15 HP,TubeSection,ETL-GPD-TUB,,VACPUM01,VACUUM PUMP - 15 HP,Vaccum pump,Non AMC,Electrical,,MEDIUM,,Admin,Production,No,ON,,17-Jul-2026,Monthly plan,21-Aug-2026,No,,
VACUUM RECEIVER TANK,IndustrialPneumaticTyres,ETL-GPD-IPT,,VACRECTNK01,VACUUM RECEIVER TANK,Vaccum tank,Others,Mech-Elec,,HIGH,,Nimeesh NP,Production,No,ON,,26-Jul-2026,,23-Aug-2026,No,,
VACUUM RECEIVER TANK,IndustrialPneumaticTyres,ETL-GPD-IPT,,VACREC01P,VACUUM RECEIVER TANK,Vaccum tank,Others,Mech-Elec,,HIGH,,Nimeesh NP,Production,No,ON,,,,,No,,
VALVE FIXING MACHINE,TubeSection,ETL-GPD-TUB,,VALFIXMAC01,VALVE FIXING MACHINE,Valve fixing machine,Non AMC,Mech-Elec,,MEDIUM,,Admin,Production,Yes,ON,,,,,No,,
VALVE  OVEN -01,TubeSection,ETL-GPD-TUB,,VALOVN01,VALVE  OVEN -01,Valve Oven,Non AMC,Mech-Elec,,HIGH,,Admin,Production,No,ON,,,,,No,,
VERTICAL RECIPROCATION CONVEYOR,MixingSection,ETL-GPD-MIX,,VRCLIFT01,VERTICAL RECIPROCATION CONVEYOR(LIFT),VERTICAL RECIPROCATION CONVEYOR,Non AMC,Mechanical,VERTICAL RECIPROCATION CONVEYOR,HIGH,,Nimeesh NP,Production,No,ON,,,,,No,,
VMC machine,WheelRim,ETL-GPD-RIM,,VMC01RP,VMC machine,VMC,Others,Mechanical,,HIGH,,Manikandan,Production,Yes,ON,,28-Jul-2026,,25-Aug-2026,No,,
WATER BOREWELL,Utilities,ETL-GPD-UTL,,WATBOR01,WATER BOREWELL,Bore well,Non AMC,Mechanical,,LOW,,Admin,Non production,Yes,ON,,,,,No,,
WATER SOFTNER PLANT (ION EXCHANGE),Utilities,ETL-GPD-UTL,,WATSOF01,WATER SOFTNER PLANT (ION EXCHANGE),Stp plant,Non AMC,Mechanical,,LOW,,Admin,Non production,Yes,ON,,,,,No,,
WEIGHING BRIDGE 60 TONS - 01,MixingSection,ETL-GPD-MIX,,WEIBRIDGE60T01,WEIGHING BRIDGE 60 TONS - 01,WEIGHING BRIDGE,Non AMC,Electrical,WEIGHING BRIDGE 60 TONS,HIGH,,Nimeesh NP,Production,No,ON,,,,,No,,
WEIGHING SCALE - 100 GRAMS,Instruments LAB,ETL-GPD-LAB-MIS,,100GRMWEISCALE01,WEIGHING SCALE - 100 GRAMS,Instruments,Non AMC,Instrument,,HIGH,,Admin,Non production,Yes,ON,,,,,No,,
WEIGHING SCALE -DS-810 / 150 kg-SRT KNEADER,Weighingscale,ETL-GPD-WSC,,150WEIBAL07,,Weighing scale,Non AMC,Electrical,,HIGH,,Sundaram,Non production,No,OFF,,,,,No,,
WEIGHING SCALE-DS-451 / 1000 Kg-MIX DISPATCH,Weighingscale,ETL-GPD-WSC,,150WEIBAL06,WEIGHING SCALE-DS-451 / 1000 Kg-MIX DISPATCH,Weighing scale,AMC,Electrical,,HIGH,,Admin,Production,Yes,ON,,,,,No,,
WEIGHING SCALE-DS-451 / 1000 Kg-MIX DISPATCH,Weighingscale,ETL-GPD-WSC,,1000WEIBAL01,WEIGHING SCALE-DS-451 / 1000 Kg-MIX DISPATCH,Weighing scale,AMC,Electrical,,HIGH,,Admin,Production,No,ON,,,,,No,,
WEIGHING SCALE-DS-451 / 15 Kg-MIX RIM,Weighingscale,ETL-GPD-WSC,,15WEIBAL01,WEIGHING SCALE-DS-451 / 15 Kg-MIX RIM,Weighing scale,AMC,Electrical,,HIGH,,Admin,Production,Yes,ON,,,,,No,,
WEIGHING SCALE-DS-451 / 300 Kg -SRT CAL-4,Weighingscale,ETL-GPD-WSC,,300WEIBAL03,WEIGHING SCALE-SI -DS-451 / 300 Kg-SRT CAL-4,Weighing scale,AMC,Electrical,,HIGH,,Admin,Production,Yes,ON,,,,,No,,
WEIGHING SCALE-DS-451 / 300 Kg -SRT GT-2,Weighingscale,ETL-GPD-WSC,,300WEIBAL05,WEIGHING SCALE-SI - DS-451 / 300 Kg -SRT GT-2,Weighing scale,AMC,Electrical,,HIGH,,Admin,Production,Yes,ON,,,,,No,,
WEIGHING SCALE-DS-451 / 300 Kg- SRT CAL-2,Weighingscale,ETL-GPD-WSC,,300WEIBAL01,WEIGHING SCALE-SI - DS-451 / 300 Kg-SRT CAL-2,Weighing scale,AMC,Electrical,,HIGH,,Admin,Production,Yes,OFF,,,,,No,,
WEIGHING SCALE-DS-451 / 300 Kg- SRT FLAP,Weighingscale,ETL-GPD-WSC,,300WEIBAL06,WEIGHING SCALE-SI -  DS-451 / 300 Kg- SRT FLAP,Weighing scale,AMC,Electrical,,HIGH,,Admin,Production,Yes,ON,,,,,No,,
WEIGHING SCALE-DS-451 / 6 Kg-MIX CHEMICAL,Weighingscale,ETL-GPD-WSC,,6WEIBAL01,WEIGHING SCALE-DS-451 / 6 Kg-MIX CHEMICAL,Weighing scale,AMC,Electrical,,HIGH,,Admin,Production,Yes,OFF,,,,,No,,
WEIGHING SCALE-DS-451 / 60 Kg-TUB BOOKING,Weighingscale,ETL-GPD-WSC,,150WEIBAL05,WEIGHING SCALE-DS-451 / 60 Kg-TUB BOOKING,Weighing scale,AMC,Electrical,,HIGH,,Admin,Production,Yes,ON,,,,,No,,
WEIGHING SCALE-DS-451 / 60 Kg-TUB BOOKING,Weighingscale,ETL-GPD-WSC,,60WEIBAL02,WEIGHING SCALE-DS-451 / 60 Kg-TUB BOOKING,Weighing scale,AMC,Electrical,,HIGH,,Admin,Production,No,ON,,,,,No,,
WEIGHING SCALE-DS-451 / 600 Kg -SRT TYRE,Weighingscale,ETL-GPD-WSC,,600WEIBAL01,WEIGHING SCALE-SI -DS-451 / 600 Kg -SRT TYRE,Weighing scale,AMC,Electrical,,HIGH,,Admin,Production,Yes,OFF,,,,,No,,
WEIGHING SCALE-SI - 810 / 100 Kg -SRT GT-1,Weighingscale,ETL-GPD-WSC,,300WEIBAL04,WEIGHING SCALE-SI -SI - 810 / 100 Kg-SRT GT-1,Weighing scale,AMC,Electrical,,HIGH,,Admin,Production,Yes,OFF,,,,,No,,
WEIGHING SCALE-SI - 810 / 100 Kg-TUB EXTRUDER,Weighingscale,ETL-GPD-WSC,,150WEIBAL04,WEIGHING SCALE-SI - 810 / 100 Kg-TUB EXTRUDER,Weighing scale,AMC,Electrical,,HIGH,,Admin,Production,Yes,ON,,,,,No,,
WEIGHING SCALE-SI - 810 / 100 Kg-TUB EXTRUDER,Weighingscale,ETL-GPD-WSC,,100WEIBAL01,WEIGHING SCALE-SI - 810 / 100 Kg-TUB EXTRUDER,Weighing scale,AMC,Electrical,,HIGH,,Admin,Production,No,ON,,,,,No,,
WEIGHING SCALE-SI - 810 / 150 Kg-IPT EXTRUDER,Weighingscale,ETL-GPD-WSC,,150WEIBAL02,WEIGHING SCALE-SI - 810 / 150 Kg-IPT EXTRUDER,Weighing scale,AMC,Electrical,,HIGH,,Admin,Production,Yes,ON,,,,,No,,
WEIGHING SCALE-SI - 810 / 150 Kg-SRT CAL-1,Weighingscale,ETL-GPD-WSC,,150WEIBAL01,WEIGHING SCALE-SI - 810 / 150 Kg-SRT CAL-1,Weighing scale,AMC,Electrical,,HIGH,,Admin,Production,Yes,OFF,,,,,No,,
WEIGHING SCALE-SI - 810 / 30 Kg-MIX CARBON,Weighingscale,ETL-GPD-WSC,,30WEIBAL03,WEIGHING SCALE-SI - 810 / 30 Kg-MIX CARBON,Weighing scale,AMC,Electrical,,HIGH,,Admin,Production,Yes,ON,,,,,No,,
WEIGHING SCALE-SI - 810 / 30 Kg-MIX RUBBER,Weighingscale,ETL-GPD-WSC,,30WEIBAL02,WEIGHING SCALE-SI - 810 / 30 Kg-MIX RUBBER,Weighing scale,AMC,Electrical,,HIGH,,Admin,Production,Yes,ON,,,,,No,,
WEIGHING SCALE-SI - 810 / 300 Kg- SRT CAL-3,Weighingscale,ETL-GPD-WSC,,300WEIBAL02,WEIGHING SCALE-SI - SI - 810 / 300 Kg-SRT CAL-3,Weighing scale,AMC,Electrical,,HIGH,,Admin,Production,Yes,ON,,,,,No,,
WEIGHING SCALE-SI - 810 / 60 Kg-IPT BOOKING,Weighingscale,ETL-GPD-WSC,,150WEIBAL03,WEIGHING SCALE-SI - 810 / 60 Kg-IPT BOOKING,Weighing scale,AMC,Electrical,,HIGH,,Admin,Production,Yes,ON,,,,,No,,
WEIGHING SCALE-SI - 810 / 60 Kg-IPT BOOKING,Weighingscale,ETL-GPD-WSC,,60WEIBAL01,WEIGHING SCALE-SI - 810 / 60 Kg-IPT BOOKING,Weighing scale,AMC,Electrical,,HIGH,,Admin,Production,No,ON,,,,,No,,
WEIGHING SCALESI - 810 / 30 Kg-MIX CHEMICAL,Weighingscale,ETL-GPD-WSC,,30WEIBAL01,WEIGHING SCALESI - 810 / 30 Kg-MIX CHEMICAL,Weighing scale,AMC,Electrical,,HIGH,,Admin,Production,Yes,ON,,,,,No,,
WELDING FIXTURE,Steelbandline,ETL-GPD-RIM-SB,,WELDFIX01,WELDING FIXTURE - STEEL BAND,Welding Fixture,Non AMC,Mech-Elec,,MEDIUM,,Admin,Production,Yes,ON,,22-Jul-2026,,26-Aug-2026,No,,
ZAHN CUP # 2,Instruments LAB,ETL-GPD-LAB-MIS,,ZNCUPLE01,ZAHN CUP # 2,Instruments,Non AMC,Instrument,,HIGH,,Admin,Non production,Yes,ON,,,,,No,,
ZAHN CUP # 3,Instruments LAB,ETL-GPD-LAB-MIS,,ZNCUPLE02,ZAHN CUP # 3,Instruments,Non AMC,Instrument,,HIGH,,Admin,Non production,Yes,ON,,,,,No,,